Area,Distance from Origin,Distance to Image Border XY,Ellipticity (oblate),Ellipticity (prolate),Intensity Max,Intensity Mean,Intensity Median,Intensity Min,Intensity StdDev,Intensity Sum,Number of Vertices,Position X,Position Y,Position Z,Sphericity,Volume
1.18,151.89,4.05,0.18,0.58,9243.00,6491.86,6074.79,4762.00,1413.02,90886.00,54.00,145.61,33.95,26.77,0.60,0.06
0.51,152.11,3.90,0.20,0.58,8527.00,7067.50,6750.75,5685.00,1024.57,28270.00,22.00,145.87,33.81,26.77,0.70,0.02
0.70,153.18,2.63,0.49,0.30,9698.00,7667.25,7148.78,6435.00,1060.94,61338.00,30.00,147.13,32.98,26.99,0.78,0.04
0.50,154.17,1.68,0.49,0.37,6835.00,6160.00,6473.87,4868.00,715.34,36960.00,26.00,148.08,33.42,26.89,0.72,0.02
1.27,153.26,2.28,0.48,0.35,12190.00,8355.64,7611.18,5988.00,1899.96,116979.00,50.00,147.39,31.86,27.36,0.72,0.08
0.26,153.39,2.34,0.39,0.38,8405.00,6469.25,5699.07,5623.00,1134.74,25877.00,18.00,147.50,31.53,27.87,0.68,0.01
2.53,155.51,0.00,0.34,0.53,24941.00,12194.90,11389.30,6872.00,4185.10,475603.00,96.00,149.67,32.31,27.21,0.74,0.24
0.48,150.60,5.38,0.65,0.20,7252.00,5905.83,5610.75,5075.00,686.45,35435.00,26.00,144.41,33.05,27.07,0.57,0.01
0.17,153.13,2.97,0.25,0.44,6982.00,6019.33,5214.00,5214.00,730.30,18058.00,14.00,146.83,34.04,27.06,0.69,0.00
0.41,151.03,5.18,0.42,0.30,7952.00,6244.00,5681.96,5017.00,976.27,31220.00,22.00,144.55,34.39,27.08,0.82,0.02
0.23,151.03,5.28,0.25,0.44,6739.00,6349.33,6107.00,6107.00,278.25,19048.00,14.00,144.50,34.19,27.55,0.69,0.01
0.57,150.12,6.30,0.18,0.82,7378.00,6815.00,6563.13,6066.00,459.33,47705.00,28.00,143.43,34.92,27.26,0.73,0.03
2.18,154.27,0.83,0.41,0.44,10808.00,7361.97,7274.52,5487.00,1265.41,220859.00,96.00,148.74,30.41,27.39,0.63,0.15
1.90,152.55,2.90,0.49,0.36,15734.00,8594.96,7964.81,5638.00,2479.27,206279.00,82.00,146.58,32.24,27.28,0.64,0.13
0.14,152.61,3.21,0.39,0.47,7210.00,6298.67,5842.00,5842.00,644.41,18896.00,14.00,146.63,31.96,27.72,0.75,0.00
7.52,155.02,0.13,0.17,0.77,25483.00,10389.00,9470.90,6056.00,3298.85,1257070.00,292.00,149.04,32.27,27.86,0.53,0.75
1.00,151.30,4.47,0.48,0.34,9992.00,7923.85,7416.48,5819.00,1446.12,103010.00,42.00,145.21,32.57,27.33,0.74,0.06
0.18,152.42,3.63,0.25,0.44,7841.00,6794.33,5644.00,5644.00,899.91,20383.00,14.00,146.23,33.38,27.11,0.74,0.00
2.51,152.52,3.10,0.31,0.37,11956.00,7591.78,6999.66,5580.00,1788.62,280896.00,118.00,146.16,33.83,27.51,0.59,0.17
0.67,150.69,5.61,0.53,0.29,8528.00,5977.22,5542.05,5190.00,968.52,53795.00,36.00,144.01,34.92,27.37,0.58,0.02
1.71,149.77,6.30,0.22,0.71,11281.00,6821.75,6246.56,5369.00,1397.66,163722.00,82.00,143.40,33.05,27.82,0.65,0.11
0.32,148.60,7.76,0.71,0.16,6157.00,5563.40,5522.16,4962.00,380.57,27817.00,22.00,142.01,33.78,27.80,0.77,0.01
0.37,148.10,8.63,0.30,0.61,6633.00,5910.67,5604.33,5493.00,452.01,35464.00,22.00,141.14,35.14,27.89,0.71,0.01
8.76,148.41,8.48,0.42,0.42,24520.00,10984.60,9846.56,5738.00,3881.35,1790490.00,354.00,140.90,37.06,28.28,0.55,1.00
0.28,148.77,8.88,0.25,0.44,8665.00,7265.33,6194.00,6194.00,1035.15,21796.00,14.00,140.93,37.25,29.69,0.76,0.01
2.06,151.28,4.47,0.38,0.49,11687.00,7428.70,6714.94,5683.00,1568.72,200575.00,80.00,145.08,32.44,28.01,0.61,0.13
3.30,153.04,2.77,0.16,0.77,17027.00,9501.52,9331.13,5833.00,2766.73,513082.00,132.00,146.78,32.81,28.32,0.70,0.33
0.76,150.66,5.86,0.08,0.74,7768.00,6510.70,6289.20,5567.00,766.19,65107.00,36.00,143.95,34.42,28.16,0.63,0.03
4.37,149.20,7.57,0.26,0.50,20668.00,10684.50,9184.94,6535.00,3849.17,715860.00,172.00,142.00,35.96,28.36,0.59,0.39
0.11,154.09,1.51,0.25,0.44,6096.00,5649.67,5175.00,5175.00,376.53,16949.00,14.00,148.33,30.53,28.40,0.62,0.00
3.33,151.18,4.61,0.30,0.61,11324.00,7582.76,7165.72,5410.00,1522.43,280562.00,126.00,144.83,32.52,28.64,0.50,0.20
0.38,150.44,5.66,0.09,0.00,14821.00,8277.25,6217.67,5567.00,3792.81,33109.00,18.00,144.12,32.59,28.28,0.66,0.01
3.21,149.69,6.49,0.23,0.55,13646.00,7517.56,6975.60,5553.00,1564.75,308220.00,128.00,142.98,33.67,28.83,0.54,0.22
0.33,155.07,0.55,0.39,0.38,9533.00,7458.75,6249.85,6224.00,1360.09,29835.00,18.00,149.23,30.93,28.61,0.75,0.01
0.25,153.80,1.95,0.39,0.38,8084.00,6754.50,6267.55,6186.00,774.98,27018.00,18.00,147.85,31.73,28.08,0.72,0.01
0.91,154.15,1.63,0.47,0.21,8497.00,6905.27,6462.40,5770.00,792.11,75958.00,44.00,148.08,31.78,28.74,0.60,0.04
0.41,154.58,1.36,0.63,0.12,6813.00,6259.33,6160.20,5847.00,357.62,37556.00,26.00,148.45,31.90,28.96,0.59,0.01
0.45,148.29,8.52,0.47,0.29,9461.00,6914.20,6257.21,5956.00,1285.99,34571.00,22.00,141.21,35.15,28.51,0.74,0.02
0.36,152.14,3.85,0.39,0.38,8284.00,6568.50,5743.94,5662.00,1053.33,26274.00,18.00,145.94,31.74,29.00,0.80,0.01
1.33,148.71,8.50,0.26,0.70,16116.00,9944.47,9382.86,7185.00,2312.07,169056.00,58.00,141.19,36.72,28.87,0.68,0.08
0.16,147.17,10.57,0.25,0.44,6547.00,6090.33,5857.00,5857.00,322.93,18271.00,14.00,139.33,37.61,28.86,0.71,0.00
0.68,150.62,5.87,0.41,0.14,11289.00,8364.50,7485.41,6191.00,1925.54,50187.00,24.00,143.80,33.89,29.28,0.69,0.03
0.37,148.56,8.23,0.25,0.00,7440.00,6501.40,5673.39,5499.00,807.42,32507.00,22.00,141.45,34.72,29.25,0.71,0.01
0.33,150.92,6.01,0.16,0.84,6263.00,5996.00,5846.19,5795.00,187.29,23984.00,18.00,143.84,35.47,28.81,0.70,0.01
0.10,151.20,5.78,0.39,0.47,5509.00,5111.67,4572.00,4572.00,395.55,15335.00,14.00,144.04,35.46,29.25,0.84,0.00
1.61,150.42,6.57,0.40,0.48,9933.00,6973.10,6553.99,5451.00,1167.92,146435.00,72.00,142.98,36.52,29.11,0.64,0.10
1.75,146.24,11.41,0.36,0.53,13760.00,8480.93,7450.00,6031.00,2113.11,228985.00,72.00,138.26,37.47,29.48,0.71,0.13
0.75,149.39,7.35,0.26,0.63,7428.00,6111.27,5976.73,5305.00,671.25,67224.00,44.00,142.39,34.24,29.52,0.53,0.02
0.54,150.37,6.51,0.33,0.35,7552.00,6025.38,5705.31,5140.00,735.80,48203.00,32.00,143.20,35.29,29.32,0.69,0.02
0.27,149.64,7.48,0.32,0.46,7551.00,6735.25,6377.63,5763.00,706.59,26941.00,18.00,142.35,35.49,29.48,0.74,0.01
1.96,149.56,7.62,0.32,0.58,13649.00,8393.07,7599.78,5906.00,1830.17,226613.00,82.00,141.98,36.59,29.50,0.66,0.14
0.64,148.38,8.47,0.23,0.63,7498.00,6068.63,6067.66,4990.00,737.47,48549.00,30.00,141.29,34.29,29.64,0.70,0.03
0.35,148.63,8.36,0.22,0.61,7390.00,6582.75,6696.04,5348.00,755.77,26331.00,18.00,141.43,34.61,29.84,0.75,0.01
0.16,148.67,9.10,0.25,0.44,6280.00,6095.33,5996.00,5996.00,130.69,18286.00,14.00,140.75,37.12,30.25,0.62,0.00
0.63,149.05,8.57,0.19,0.54,8464.00,7210.17,6662.92,6468.00,784.45,43261.00,26.00,141.19,37.33,29.80,0.62,0.02
0.21,149.18,8.50,0.25,0.44,7508.00,6769.67,6370.00,6370.00,522.68,20309.00,14.00,141.36,37.06,29.97,0.72,0.01
0.77,147.67,9.78,0.46,0.40,11792.00,6737.09,5774.19,5373.00,1816.41,74108.00,38.00,139.90,36.31,30.26,0.78,0.04
5.02,146.33,11.11,0.25,0.46,20548.00,8674.90,7410.11,5398.00,3090.07,667967.00,206.00,138.43,36.73,30.00,0.54,0.41
0.89,145.77,12.30,0.08,0.70,8905.00,7314.00,6865.70,5515.00,1135.67,58512.00,32.00,137.45,37.33,31.05,0.65,0.04
2.09,147.07,10.80,0.42,0.40,12188.00,8697.84,8512.68,5957.00,1604.26,217446.00,88.00,138.83,37.24,31.16,0.62,0.14
0.19,146.57,11.46,0.39,0.47,9517.00,7309.33,5914.00,5914.00,1579.10,21928.00,14.00,138.33,36.95,31.33,0.82,0.01
1.27,146.01,12.04,0.19,0.64,9290.00,7124.20,6933.08,5677.00,1038.33,106863.00,56.00,137.70,37.20,31.20,0.60,0.06
0.35,146.23,12.06,0.25,0.50,9965.00,7106.75,5576.89,5417.00,1836.55,28427.00,18.00,137.68,37.26,32.26,0.69,0.01
7.73,141.78,18.98,0.20,0.74,36157.00,14170.50,11962.20,5943.00,6257.90,2338130.00,310.00,130.42,44.34,33.55,0.65,1.05
0.45,147.65,10.10,0.38,0.50,8120.00,6301.14,5742.36,5695.00,812.27,44108.00,28.00,139.71,37.55,29.55,0.67,0.02
3.81,146.56,11.61,0.21,0.69,21774.00,10525.60,9611.98,5642.00,3641.75,694687.00,162.00,137.90,39.00,30.69,0.66,0.37
0.06,146.66,12.06,0.12,0.93,6444.00,6223.00,6034.00,6034.00,168.91,18669.00,14.00,137.86,38.52,31.94,0.38,0.00
2.68,145.27,12.69,0.64,0.23,11353.00,7766.33,7288.76,5848.00,1494.83,256289.00,108.00,136.73,38.69,30.20,0.57,0.18
0.25,145.41,12.92,0.25,0.44,8052.00,6811.00,6136.00,6136.00,878.65,20433.00,14.00,136.88,38.28,30.67,0.74,0.01
0.43,147.56,10.41,0.32,0.40,7334.00,6588.40,6058.89,5677.00,649.44,32942.00,22.00,139.40,38.43,29.40,0.58,0.01
4.42,147.21,10.68,0.25,0.73,27186.00,10583.80,9629.07,6281.00,3573.00,857291.00,186.00,138.79,38.77,30.10,0.68,0.49
0.35,146.66,11.39,0.09,0.00,9689.00,8008.00,7652.91,6960.00,1015.73,32032.00,18.00,138.41,38.30,29.74,0.63,0.01
0.38,147.46,10.82,0.33,0.43,9573.00,7797.00,7205.92,6806.00,954.59,38985.00,22.00,139.01,38.36,30.81,0.65,0.01
0.98,144.50,14.02,0.52,0.23,10107.00,7255.55,6807.48,5753.00,1233.54,79811.00,44.00,135.72,38.87,30.80,0.64,0.05
2.14,144.70,13.88,0.36,0.46,9885.00,6782.27,6434.00,5533.00,1109.39,176339.00,92.00,135.70,39.64,30.84,0.47,0.09
0.25,145.20,13.26,0.12,0.93,8603.00,7046.67,6088.00,6088.00,1110.32,21140.00,14.00,136.54,38.41,31.04,0.74,0.01
1.25,147.13,11.11,0.29,0.64,13515.00,9572.75,9146.25,6818.00,2026.67,114873.00,44.00,138.60,38.40,31.00,0.65,0.07
1.99,147.34,11.13,0.28,0.54,11747.00,7988.79,7294.89,5932.00,1426.03,151787.00,76.00,138.47,39.72,30.91,0.45,0.08
1.47,146.60,12.04,0.45,0.39,11102.00,7393.12,6631.36,5626.00,1687.03,125683.00,62.00,137.47,40.39,31.02,0.59,0.08
0.19,145.76,13.36,0.39,0.47,6500.00,6100.67,5901.00,5901.00,282.37,18302.00,14.00,136.43,40.89,31.05,0.83,0.01
0.27,143.92,15.36,0.25,0.44,8848.00,6813.33,5758.00,5758.00,1439.06,20440.00,14.00,134.44,40.65,31.42,0.76,0.01
0.17,144.87,13.76,0.25,0.44,6867.00,6515.00,5976.00,5976.00,387.04,19545.00,14.00,136.10,38.81,30.96,0.71,0.00
0.20,144.98,13.78,0.25,0.44,7842.00,7132.33,6616.00,6616.00,518.84,21397.00,14.00,136.07,39.17,31.18,0.69,0.00
0.24,144.87,13.95,0.25,0.44,7107.00,6808.33,6597.00,6597.00,217.17,20425.00,14.00,135.85,39.17,31.56,0.73,0.01
0.27,144.96,13.70,0.12,0.93,8826.00,7662.33,6630.00,6630.00,901.31,22987.00,14.00,136.01,38.89,31.66,0.71,0.01
0.68,145.31,13.33,0.81,0.12,8816.00,7207.38,7047.06,6088.00,811.35,57659.00,30.00,136.29,39.07,31.83,0.65,0.03
0.50,144.78,14.21,0.35,0.33,7416.00,6164.14,5670.59,5204.00,732.07,43149.00,28.00,135.56,39.83,31.58,0.68,0.02
0.52,145.01,14.00,0.25,0.00,7161.00,6761.40,6835.41,5953.00,418.95,33807.00,22.00,135.84,39.49,31.91,0.60,0.02
0.24,147.05,11.71,0.47,0.32,8985.00,7922.25,6981.20,6874.00,993.82,31689.00,18.00,138.14,39.72,31.05,0.82,0.01
3.03,147.52,11.10,0.60,0.26,11721.00,8233.66,8001.75,6153.00,1364.42,288178.00,114.00,138.46,39.79,31.71,0.54,0.20
0.14,145.78,13.36,0.25,0.44,6255.00,6063.33,5862.00,5862.00,160.58,18190.00,14.00,136.54,40.38,31.25,0.64,0.00
3.89,146.16,13.05,0.18,0.66,19703.00,9212.25,8494.27,5841.00,2927.73,451400.00,146.00,136.52,40.79,32.55,0.57,0.31
0.14,147.22,11.43,0.03,0.98,6622.00,6264.67,5655.00,5655.00,433.23,18794.00,14.00,138.46,38.29,32.22,0.51,0.00
1.88,144.00,15.23,0.46,0.40,13080.00,7027.00,6462.35,5273.00,1625.55,161621.00,84.00,134.33,40.82,32.02,0.52,0.09
0.35,147.33,11.70,0.39,0.38,8742.00,7481.50,7237.17,6364.00,852.01,29926.00,18.00,138.11,39.72,32.48,0.75,0.01
1.23,147.66,11.29,0.20,0.73,12118.00,8187.00,7914.37,5596.00,1659.08,98244.00,46.00,138.37,40.06,32.46,0.66,0.07
0.20,146.82,12.45,0.25,0.44,6655.00,6208.33,5879.00,5879.00,327.48,18625.00,14.00,137.42,40.57,32.02,0.71,0.01
0.67,144.34,15.75,0.50,0.34,10128.00,7804.00,6767.66,6051.00,1345.49,54628.00,28.00,134.03,42.83,32.21,0.75,0.03
0.38,145.50,13.48,0.39,0.38,8041.00,7220.75,6789.38,6478.00,618.81,28883.00,18.00,136.35,39.14,32.36,0.74,0.01
0.54,145.67,13.31,0.39,0.49,9517.00,7361.17,6919.45,5961.00,1095.08,44167.00,24.00,136.48,38.97,32.78,0.77,0.03
0.21,145.38,13.59,0.39,0.47,9537.00,7134.33,5830.00,5830.00,1701.02,21403.00,14.00,136.21,39.06,32.53,0.83,0.01
0.71,146.43,12.45,0.56,0.28,10914.00,8069.71,7207.95,6716.00,1348.42,56488.00,30.00,137.22,39.36,32.62,0.61,0.03
0.21,145.34,14.56,0.44,0.21,7448.00,5606.50,5074.81,4795.00,1070.08,22426.00,18.00,135.12,42.53,32.52,0.67,0.01
0.10,143.44,16.15,0.25,0.44,5455.00,5322.33,5129.00,5129.00,139.82,15967.00,14.00,133.76,40.39,32.42,0.56,0.00
2.67,143.98,15.47,0.12,0.81,14785.00,8641.29,8224.14,5755.00,1941.73,293804.00,110.00,134.13,40.31,33.38,0.58,0.18
0.24,146.73,12.84,0.25,0.44,6111.00,5691.33,5476.00,5476.00,296.78,17074.00,14.00,137.00,41.41,32.34,0.59,0.01
4.20,144.28,15.67,0.47,0.36,14868.00,8103.50,7764.63,5730.00,1926.64,486210.00,168.00,133.76,42.99,32.81,0.56,0.34
0.28,144.57,16.03,0.25,0.44,7264.00,6975.67,6811.00,6811.00,204.57,20927.00,14.00,133.77,43.08,33.92,0.72,0.01
1.05,145.43,13.73,0.06,0.67,9400.00,7239.30,6910.30,6181.00,893.16,72393.00,38.00,136.04,39.21,33.26,0.55,0.04
0.37,145.22,14.06,0.13,0.00,6758.00,6140.00,5969.11,5617.00,381.42,30700.00,22.00,135.82,39.60,32.73,0.46,0.01
4.48,142.61,17.55,0.20,0.57,17798.00,8795.18,7860.28,5141.00,3091.80,580482.00,186.00,132.00,42.33,33.50,0.55,0.36
1.59,144.16,15.19,0.28,0.43,10960.00,7367.47,7093.52,5461.00,1426.63,139982.00,68.00,134.44,39.76,33.59,0.57,0.08
1.80,144.73,14.57,0.22,0.68,14240.00,8153.52,6998.91,5814.00,2150.15,187531.00,68.00,135.03,39.85,33.52,0.67,0.13
0.71,143.92,15.67,0.32,0.46,8958.00,7045.50,6719.72,5958.00,933.70,56364.00,32.00,134.03,41.18,32.43,0.63,0.03
7.09,144.75,14.93,0.31,0.36,18187.00,10219.30,9424.72,5996.00,2697.44,1236540.00,288.00,134.55,40.89,34.29,0.56,0.74
0.50,144.30,15.51,0.21,0.38,9908.00,7741.17,7492.06,6472.00,1136.58,46447.00,26.00,134.23,41.15,33.32,0.57,0.01
1.67,146.37,13.13,0.36,0.53,15721.00,8127.52,7870.61,5821.00,2011.31,170678.00,62.00,136.49,40.80,33.63,0.70,0.12
0.48,145.53,14.51,0.10,0.57,9487.00,7949.00,6740.27,6443.00,1363.17,31796.00,18.00,135.27,41.79,33.67,0.71,0.02
1.46,142.34,18.17,0.14,0.65,9392.00,7117.18,6649.32,5286.00,1165.09,120992.00,60.00,131.51,42.87,33.60,0.52,0.06
0.42,142.40,18.45,0.32,0.46,8660.00,7448.75,6436.63,6119.00,1172.85,29795.00,18.00,131.37,43.65,33.39,0.73,0.02
0.25,142.12,18.90,0.39,0.38,7075.00,6709.25,6834.54,5868.00,494.76,26837.00,18.00,130.93,43.07,34.64,0.80,0.01
0.43,142.00,19.19,0.24,0.38,8795.00,8056.00,7614.63,7610.00,490.26,32224.00,22.00,130.53,43.84,34.67,0.63,0.01
0.84,140.96,20.53,0.22,0.47,11354.00,7613.50,6963.22,5844.00,1505.56,76135.00,40.00,129.17,44.07,35.25,0.61,0.03
4.34,141.61,19.77,0.37,0.39,31075.00,12843.10,10552.20,7302.00,5291.63,924700.00,186.00,129.62,44.80,35.29,0.59,0.38
0.76,142.15,19.46,0.12,0.89,12657.00,9553.25,8409.56,7623.00,1687.13,76426.00,34.00,130.35,45.16,34.28,0.63,0.03
3.21,142.49,19.17,0.32,0.53,34146.00,15096.30,13252.10,6856.00,6301.06,800103.00,124.00,130.36,45.54,35.12,0.74,0.35
0.27,142.15,19.57,0.25,0.44,11558.00,10716.70,9336.00,9336.00,984.03,32150.00,14.00,130.27,45.04,34.79,0.72,0.01
0.13,142.59,19.81,0.00,1.92,8723.00,7522.33,6555.00,6555.00,900.33,22567.00,14.00,129.97,45.46,37.05,0.77,0.00
3.20,141.41,19.51,0.43,0.42,9612.00,6942.85,6545.18,5458.00,1071.08,284657.00,136.00,129.90,43.05,35.62,0.51,0.20
1.67,140.23,21.80,0.08,0.74,9866.00,7051.52,6710.38,5546.00,1236.05,148082.00,76.00,127.88,45.29,35.47,0.59,0.09
1.56,141.96,19.98,0.39,0.34,16394.00,8914.94,8174.72,6742.00,2201.92,160469.00,66.00,129.62,45.71,35.53,0.54,0.07
1.77,140.97,21.26,0.25,0.63,15188.00,8895.56,8036.00,5652.00,2474.83,160120.00,72.00,128.36,46.15,35.59,0.61,0.11
0.38,140.84,20.83,0.72,0.12,9148.00,7971.00,7587.18,7045.00,774.73,31884.00,18.00,128.89,44.29,35.51,0.76,0.01
2.36,140.87,20.84,0.19,0.55,11562.00,8040.36,7723.05,5781.00,1341.50,225130.00,92.00,128.72,44.26,36.27,0.57,0.15
1.32,140.06,22.38,0.32,0.24,12557.00,8647.36,7658.82,6224.00,1962.20,121063.00,56.00,127.32,45.95,35.97,0.53,0.06
0.50,139.07,23.56,0.41,0.46,8872.00,7114.83,7186.26,5447.00,1195.32,42689.00,24.00,126.22,46.10,35.85,0.80,0.02
10.22,143.10,18.45,0.22,0.55,45958.00,15872.70,13275.40,6861.00,7548.20,2999940.00,384.00,130.98,44.95,36.08,0.54,1.21
0.28,142.04,20.18,0.32,0.46,9256.00,8169.75,8214.22,6740.00,909.97,32679.00,18.00,129.60,45.29,36.45,0.75,0.01
0.21,142.27,20.08,0.39,0.47,8822.00,7744.33,6797.00,6797.00,831.82,23233.00,14.00,129.73,45.65,36.42,0.71,0.01
10.83,140.20,22.29,0.35,0.48,23492.00,11228.90,9878.31,6324.00,3896.02,2515270.00,442.00,127.00,47.01,36.29,0.53,1.31
1.07,142.34,19.53,0.44,0.35,14818.00,10453.10,9931.28,7868.00,2257.49,125437.00,42.00,130.19,44.54,36.40,0.77,0.07
1.31,139.24,23.43,0.29,0.52,12724.00,8171.06,7885.32,5765.00,2032.06,130737.00,52.00,126.23,46.08,36.50,0.71,0.08
0.34,141.06,21.61,0.36,0.29,9158.00,8531.25,9031.34,6842.00,976.26,34125.00,14.00,128.21,46.27,36.31,0.74,0.01
1.39,141.12,20.81,0.36,0.52,13853.00,8444.83,7856.76,6216.00,1964.63,152007.00,56.00,128.89,44.26,36.63,0.67,0.09
0.51,142.62,20.28,0.12,0.69,8131.00,6534.40,5661.86,5191.00,1028.44,32672.00,22.00,129.54,46.62,37.23,0.67,0.02
1.62,141.82,21.11,0.22,0.70,8823.00,7367.82,6945.25,5575.00,972.67,125253.00,68.00,128.47,47.20,37.14,0.46,0.06
0.27,141.29,20.89,0.39,0.47,9428.00,7506.00,6168.00,6168.00,1393.48,22518.00,14.00,128.88,44.26,37.33,0.77,0.01
0.47,141.25,21.08,0.32,0.46,9599.00,8010.50,7167.38,6820.00,1098.87,32042.00,18.00,128.71,44.55,37.42,0.76,0.02
1.54,139.12,24.03,0.21,0.58,12589.00,7801.86,7076.08,5425.00,1843.84,171641.00,80.00,125.58,46.94,37.16,0.60,0.08
0.32,140.76,21.74,0.32,0.46,9354.00,6851.00,5590.14,5453.00,1566.15,27404.00,18.00,128.07,44.80,37.50,0.74,0.01
0.83,139.02,24.02,0.33,0.58,11222.00,8200.44,7627.50,5398.00,1837.63,73804.00,34.00,125.62,45.99,37.86,0.76,0.05
2.50,141.90,20.83,0.40,0.48,10948.00,7642.55,7362.77,5849.00,1286.51,221634.00,110.00,128.64,46.49,37.76,0.49,0.13
0.09,142.06,21.30,0.39,0.47,5755.00,5500.33,5280.00,5280.00,195.43,16501.00,14.00,128.54,46.58,38.58,0.71,0.00
2.70,140.12,23.23,0.52,0.32,11419.00,8745.21,8701.07,6265.00,1479.24,288592.00,108.00,126.22,47.61,37.89,0.57,0.18
0.20,141.43,21.68,0.39,0.47,7957.00,6927.33,6100.00,6100.00,771.50,20782.00,14.00,128.16,45.98,38.26,0.79,0.01
1.17,141.62,21.84,0.30,0.30,8323.00,6490.93,6216.36,5376.00,732.67,90873.00,58.00,127.84,47.54,38.09,0.48,0.04
1.06,138.94,24.90,0.37,0.44,9432.00,7004.46,6276.90,5247.00,1456.63,91058.00,52.00,124.75,47.79,38.18,0.62,0.05
0.56,139.01,24.90,0.10,0.56,9351.00,7397.83,7295.19,5795.00,1113.02,44387.00,26.00,124.85,47.58,38.38,0.67,0.02
0.17,145.87,13.94,0.03,0.98,6377.00,5817.67,5460.00,5460.00,400.61,17453.00,14.00,135.96,41.66,32.53,0.47,0.00
1.57,145.91,13.89,0.30,0.63,13306.00,7766.59,6973.90,5475.00,2236.07,132032.00,56.00,135.77,41.63,33.49,0.64,0.09
0.23,143.16,16.99,0.25,0.44,6878.00,6312.67,5672.00,5672.00,495.22,18938.00,14.00,132.81,41.66,33.49,0.69,0.01
0.64,144.95,14.73,0.40,0.39,11796.00,8958.33,7770.99,6695.00,1829.85,53750.00,22.00,135.05,40.02,34.19,0.81,0.04
1.37,146.56,13.13,0.36,0.54,9092.00,6923.94,6620.38,5036.00,1249.05,110783.00,56.00,136.49,40.86,34.38,0.65,0.08
0.25,143.07,17.87,0.39,0.47,8366.00,7434.00,6122.00,6122.00,954.70,22302.00,14.00,131.93,43.38,34.36,0.81,0.01
0.20,144.42,16.41,0.39,0.47,7992.00,7153.00,6006.00,6006.00,839.52,21459.00,14.00,133.44,43.23,34.36,0.78,0.01
0.57,144.90,15.70,0.14,0.64,8817.00,7280.67,6581.34,6452.00,902.57,43684.00,26.00,134.00,43.32,34.13,0.70,0.02
0.40,145.16,15.62,0.21,0.41,6309.00,5976.17,5755.50,5571.00,310.66,35857.00,26.00,134.14,43.57,34.38,0.69,0.01
1.90,143.47,16.84,0.23,0.71,11163.00,7595.56,6982.91,5731.00,1561.95,205080.00,86.00,132.82,41.80,34.58,0.67,0.13
0.18,144.36,15.52,0.25,0.44,8575.00,6737.67,5684.00,5684.00,1303.86,20213.00,14.00,134.35,41.90,32.20,0.73,0.00
2.96,144.98,15.17,0.43,0.34,16337.00,9601.87,8937.69,6153.00,2694.39,451288.00,116.00,134.40,42.07,34.45,0.68,0.27
1.39,143.14,18.05,0.32,0.24,10309.00,7314.78,7062.80,5865.00,1284.12,131666.00,68.00,131.58,44.67,34.37,0.54,0.06
3.32,144.57,16.36,0.23,0.64,12941.00,7881.90,7429.61,5554.00,1940.77,401977.00,156.00,133.16,44.40,34.62,0.62,0.28
0.30,144.64,16.26,0.16,0.40,8252.00,6987.25,6431.13,6171.00,803.98,27949.00,18.00,133.59,42.99,35.01,0.67,0.01
2.58,144.45,16.12,0.62,0.19,9865.00,7452.64,6917.85,6130.00,1123.82,245937.00,114.00,133.38,42.65,35.44,0.55,0.16
1.31,143.56,17.44,0.54,0.32,10270.00,6979.71,6636.25,5710.00,1157.55,97716.00,56.00,132.27,42.66,35.95,0.56,0.06
1.35,143.72,17.41,0.58,0.29,9261.00,6710.56,6241.64,5472.00,1091.35,120790.00,62.00,132.24,42.91,36.41,0.62,0.07
0.28,111.20,68.94,0.25,0.44,8661.00,7589.00,6195.00,6195.00,1032.17,22767.00,14.00,79.65,69.04,35.40,0.74,0.01
1.20,110.24,68.22,0.50,0.28,10833.00,7989.77,7145.81,5703.00,1492.02,103867.00,48.00,78.54,68.52,35.91,0.67,0.07
1.96,112.69,67.92,0.26,0.56,14121.00,9335.15,8872.25,5723.00,2009.09,242714.00,74.00,81.66,68.84,35.95,0.67,0.14
2.34,113.61,67.33,0.44,0.35,12367.00,8688.27,8038.48,6035.00,1412.01,225895.00,100.00,82.26,69.20,36.74,0.48,0.11
0.39,111.38,68.80,0.32,0.46,9011.00,7787.50,7789.43,6142.00,1046.40,31150.00,18.00,79.83,68.95,35.77,0.75,0.01
1.27,113.28,67.37,0.41,0.36,14067.00,8652.13,7989.34,6047.00,2053.95,138434.00,54.00,82.28,69.08,35.92,0.72,0.08
0.42,113.45,69.06,0.54,0.31,8703.00,6743.17,6445.97,6028.00,895.45,40459.00,26.00,80.75,70.90,36.38,0.67,0.01
0.31,111.18,66.75,0.36,0.29,8876.00,7119.50,6507.29,5918.00,1106.88,28478.00,16.00,80.62,66.88,37.27,0.69,0.01
1.70,113.63,66.58,0.18,0.44,12996.00,8944.29,8461.29,5874.00,1886.12,152053.00,62.00,83.07,68.35,36.60,0.59,0.09
1.84,110.68,68.21,0.39,0.50,13281.00,8253.25,7606.98,6331.00,1636.21,198078.00,80.00,78.81,68.47,36.72,0.66,0.13
0.18,111.47,66.16,0.12,0.93,8012.00,7008.67,6463.00,6463.00,710.37,21026.00,14.00,81.62,66.26,37.05,0.65,0.00
0.48,110.95,67.32,0.34,0.46,10722.00,7757.40,6934.79,6413.00,1522.24,38787.00,20.00,79.81,67.47,37.26,0.70,0.02
0.35,112.57,67.78,0.32,0.46,9241.00,8146.50,7131.27,7123.00,1018.01,32586.00,18.00,82.05,68.24,35.81,0.76,0.01
6.33,113.14,67.25,0.14,0.80,35231.00,14062.80,11487.00,7090.00,6537.02,1673470.00,244.00,82.05,68.50,37.11,0.61,0.72
0.53,113.66,68.29,0.30,0.62,11744.00,7806.71,6114.83,5886.00,2352.55,54647.00,30.00,81.49,70.09,36.94,0.67,0.02
1.68,111.23,65.59,0.31,0.61,12540.00,7974.00,7510.80,6467.00,1355.87,143532.00,70.00,81.34,65.94,37.53,0.48,0.07
0.87,113.94,66.53,0.30,0.64,12690.00,8441.60,6960.96,6449.00,2212.09,84416.00,40.00,83.23,68.25,37.38,0.62,0.04
0.58,114.25,66.85,0.34,0.44,8385.00,7413.25,7429.55,5987.00,798.88,59306.00,32.00,82.91,68.96,37.75,0.70,0.02
0.34,113.77,68.38,0.49,0.25,7984.00,7383.60,6944.16,6390.00,615.27,36918.00,22.00,81.36,70.05,37.66,0.81,0.01
1.42,113.15,69.32,0.81,0.11,10327.00,8101.71,7689.42,6882.00,1048.19,137729.00,66.00,80.15,70.33,37.85,0.52,0.06
0.22,113.60,69.17,0.25,0.50,8418.00,7281.25,6775.27,6462.00,749.28,29125.00,18.00,80.61,70.48,37.94,0.68,0.01
2.19,114.17,69.19,0.34,0.52,16904.00,10956.60,10464.80,5766.00,2973.59,295829.00,76.00,80.45,71.68,37.74,0.70,0.18
0.18,113.76,70.00,0.25,0.44,8581.00,7266.67,6608.00,6608.00,929.38,21800.00,14.00,79.84,71.69,37.78,0.70,0.00
2.64,111.70,65.51,0.27,0.68,13875.00,9784.13,9686.12,6678.00,2231.01,371797.00,108.00,81.74,65.88,38.15,0.66,0.22
0.13,111.51,65.02,0.25,0.44,7642.00,6757.00,6073.00,6073.00,656.12,20271.00,14.00,81.63,65.21,38.96,0.63,0.00
1.28,114.14,66.48,0.58,0.28,11555.00,7686.25,7533.48,6020.00,1267.98,122980.00,56.00,83.22,68.18,38.14,0.69,0.08
0.12,112.78,69.44,0.25,0.44,7221.00,6947.33,6671.00,6671.00,224.54,20842.00,14.00,80.03,69.53,38.46,0.60,0.00
0.15,111.02,67.00,0.39,0.47,7212.00,6784.33,6421.00,6421.00,326.11,20353.00,14.00,80.10,67.19,37.35,0.82,0.00
0.37,110.85,67.28,0.10,0.39,7547.00,6659.33,6177.31,6086.00,594.49,39956.00,26.00,79.45,67.48,37.72,0.61,0.01
0.13,110.87,67.83,0.25,0.44,6821.00,6479.00,6101.00,6101.00,295.04,19437.00,14.00,79.15,67.93,37.59,0.63,0.00
3.00,111.31,66.90,0.29,0.66,17290.00,10561.90,10141.20,6461.00,2857.77,485846.00,118.00,79.93,67.32,38.31,0.73,0.30
0.26,110.99,67.60,0.25,0.44,10861.00,8390.67,6245.00,6245.00,1898.40,25172.00,14.00,79.38,67.72,37.85,0.72,0.01
0.15,111.18,67.86,0.39,0.47,7421.00,6822.67,6096.00,6096.00,548.49,20468.00,14.00,79.21,67.99,38.26,0.82,0.00
0.64,111.25,67.37,0.47,0.39,9031.00,7207.38,6892.09,5989.00,1016.20,57659.00,34.00,79.46,67.59,38.65,0.58,0.02
0.31,111.26,68.33,0.39,0.38,7858.00,6786.25,6461.95,5957.00,697.16,27145.00,18.00,78.95,68.48,38.15,0.71,0.01
1.70,114.14,66.88,0.19,0.31,10270.00,7911.19,7969.82,6209.00,1026.37,126579.00,62.00,82.87,68.52,38.26,0.52,0.08
0.29,114.20,67.11,0.27,0.00,8927.00,7423.00,5888.00,5888.00,1240.86,22269.00,14.00,82.69,68.60,38.70,0.72,0.01
1.28,113.86,68.27,0.30,0.37,10120.00,7729.92,7223.50,6258.00,1150.48,100489.00,52.00,81.47,69.52,38.65,0.54,0.05
0.14,113.65,68.70,0.25,0.44,6824.00,6698.33,6575.00,6575.00,101.65,20095.00,14.00,81.20,69.43,38.77,0.64,0.00
0.26,140.05,23.28,0.25,0.44,8290.00,7421.67,6691.00,6691.00,660.01,22265.00,14.00,126.59,46.01,38.39,0.72,0.01
3.04,138.96,24.13,0.45,0.23,11794.00,7878.14,6943.30,5616.00,1863.57,275735.00,128.00,125.34,46.05,38.46,0.50,0.18
0.19,139.21,24.07,0.25,0.44,7467.00,6283.00,5457.00,5457.00,858.74,18849.00,14.00,125.75,45.60,38.57,0.70,0.00
0.82,140.43,23.25,0.46,0.39,12729.00,8957.25,8353.45,7014.00,1782.77,71658.00,28.00,126.51,47.32,38.44,0.71,0.04
0.88,138.62,25.01,0.23,0.46,10139.00,8049.56,7265.80,5654.00,1383.44,72446.00,34.00,124.70,46.39,38.93,0.67,0.04
0.16,138.35,25.73,0.03,0.98,7014.00,6131.33,5637.00,5637.00,625.64,18394.00,14.00,124.11,46.91,39.20,0.60,0.00
6.99,138.01,26.25,0.29,0.54,23025.00,10961.60,9578.41,5899.00,4099.84,1392120.00,282.00,123.06,48.52,39.37,0.58,0.78
0.22,140.41,23.18,0.12,0.93,8602.00,7978.00,7004.00,7004.00,697.75,23934.00,14.00,126.54,47.08,38.56,0.70,0.01
3.54,140.68,23.12,0.36,0.52,17106.00,9171.39,8057.77,6023.00,2713.38,559455.00,166.00,126.47,47.26,39.52,0.66,0.33
0.77,139.78,24.87,0.22,0.72,9104.00,7189.38,6834.11,6213.00,896.33,57515.00,34.00,124.86,48.71,39.69,0.61,0.03
5.90,138.20,27.10,0.18,0.83,17483.00,8951.41,8019.22,5779.00,2733.76,698210.00,234.00,122.43,49.34,40.92,0.47,0.43
0.57,138.15,27.67,0.22,0.35,8977.00,7097.50,6568.41,5894.00,970.28,42585.00,26.00,122.04,49.44,41.78,0.63,0.02
1.66,140.35,24.08,0.20,0.76,14162.00,8447.90,7681.50,6186.00,1781.10,177406.00,62.00,125.53,47.97,40.47,0.64,0.10
0.21,138.85,26.24,0.39,0.47,8617.00,7824.00,7019.00,7019.00,652.44,23472.00,14.00,123.55,48.87,40.35,0.85,0.01
0.25,139.33,25.84,0.00,1.92,8673.00,7288.33,5544.00,5544.00,1302.48,21865.00,14.00,123.92,49.27,40.37,0.70,0.01
3.46,140.32,24.08,0.21,0.79,15932.00,9193.59,8455.74,6410.00,2085.05,404518.00,130.00,125.43,47.76,40.93,0.59,0.27
0.58,139.58,24.96,0.27,0.68,11354.00,6661.00,5852.87,5231.00,1786.29,59949.00,36.00,124.73,46.95,41.50,0.72,0.03
6.82,138.18,26.48,0.26,0.43,16812.00,9528.18,8818.59,6264.00,2346.09,1086210.00,272.00,122.84,48.06,41.15,0.56,0.69
0.26,140.18,25.07,0.33,0.43,6718.00,6278.80,6081.55,5706.00,368.54,31394.00,22.00,124.79,48.88,41.08,0.60,0.01
0.37,139.92,25.62,0.39,0.38,8667.00,6684.00,6105.27,5778.00,1154.95,26736.00,18.00,124.14,49.45,41.48,0.74,0.01
0.23,140.81,24.16,0.25,0.44,8656.00,7256.00,6395.00,6395.00,998.64,21768.00,14.00,125.71,48.02,41.48,0.62,0.01
2.66,140.77,24.14,0.38,0.44,12816.00,8089.75,7991.58,5508.00,1696.69,323590.00,112.00,125.42,48.13,42.06,0.63,0.21
2.73,138.36,27.11,0.36,0.54,12178.00,7682.06,7281.77,5942.00,1480.51,261190.00,122.00,122.36,48.47,42.69,0.50,0.15
0.20,138.50,27.52,0.03,0.98,7672.00,6871.67,6117.00,6117.00,635.65,20615.00,14.00,122.35,48.68,42.93,0.56,0.00
1.70,140.09,25.44,0.42,0.37,11986.00,8047.00,7960.26,5740.00,1712.65,144846.00,64.00,124.09,49.29,42.39,0.59,0.09
1.22,139.00,27.15,0.47,0.34,9147.00,6959.60,6758.37,5550.00,1126.69,104394.00,60.00,122.46,50.25,42.41,0.63,0.06
0.52,140.47,24.86,0.30,0.45,7634.00,6715.67,6643.23,5555.00,633.98,40294.00,26.00,124.77,48.38,42.71,0.65,0.02
0.33,137.60,29.09,0.25,0.44,7664.00,7357.33,6844.00,6844.00,365.27,22072.00,14.00,120.75,50.10,42.94,0.73,0.01
0.44,111.54,64.29,0.43,0.43,7983.00,6499.14,6222.61,5763.00,682.90,45494.00,28.00,82.37,64.60,38.50,0.67,0.01
0.26,111.52,64.71,0.39,0.47,10295.00,8278.33,6156.00,6156.00,1691.39,24835.00,14.00,82.09,64.89,38.56,0.83,0.01
1.29,111.24,65.28,0.25,0.63,11380.00,8051.93,7941.34,6077.00,1185.17,112727.00,54.00,81.21,65.50,38.58,0.57,0.06
0.30,113.97,65.34,0.47,0.32,7869.00,6904.50,6623.88,5994.00,686.34,27618.00,18.00,84.46,66.11,38.54,0.73,0.01
0.93,114.36,65.04,0.20,0.60,8973.00,6652.08,6242.08,5194.00,992.81,79825.00,44.00,84.69,66.29,38.87,0.67,0.05
0.49,114.33,65.40,0.44,0.21,8348.00,7626.50,7240.25,7004.00,532.31,30506.00,18.00,84.42,66.65,38.76,0.70,0.02
0.24,114.04,65.89,0.25,0.44,6534.00,6252.33,6103.00,6103.00,199.28,18757.00,14.00,83.98,66.73,38.73,0.60,0.01
0.07,112.42,69.02,0.03,0.98,6174.00,5954.67,5696.00,5696.00,197.12,17864.00,14.00,79.58,69.04,39.20,0.42,0.00
0.43,112.09,63.02,0.39,0.37,9947.00,7389.40,6149.38,6011.00,1423.53,36947.00,22.00,84.00,63.22,38.87,0.72,0.02
0.33,112.33,64.25,0.32,0.46,7923.00,6649.25,6331.43,5992.00,749.10,26597.00,18.00,83.74,64.40,38.19,0.76,0.01
0.26,114.10,66.19,0.25,0.44,8276.00,6942.00,5804.00,5804.00,1018.66,20826.00,14.00,83.67,67.39,38.42,0.70,0.01
0.70,114.00,66.39,0.49,0.27,9978.00,7355.78,6731.80,5864.00,1224.50,66202.00,36.00,83.29,67.50,38.76,0.70,0.03
0.28,114.31,66.76,0.39,0.47,8415.00,7403.33,6780.00,6780.00,721.76,22210.00,14.00,83.06,68.27,38.83,0.84,0.01
0.78,113.44,68.37,0.19,0.50,9727.00,8040.10,8218.71,6310.00,1098.81,80401.00,36.00,81.39,68.84,38.81,0.75,0.04
0.13,114.01,63.56,0.39,0.47,6140.00,5820.00,5522.00,5522.00,252.78,17460.00,14.00,86.08,63.67,39.15,0.76,0.00
0.22,111.50,64.73,0.47,0.32,6892.00,6442.75,6332.41,6130.00,279.46,25771.00,18.00,81.78,64.88,39.16,0.77,0.01
0.74,114.45,64.28,0.34,0.33,8450.00,6635.50,5990.26,5408.00,1045.24,53084.00,30.00,85.46,65.15,39.37,0.68,0.03
0.28,114.45,64.73,0.88,0.10,7228.00,6356.20,5791.77,5650.00,646.93,31781.00,22.00,85.03,65.85,39.14,0.82,0.01
0.97,114.33,65.59,0.20,0.72,9797.00,7256.17,6769.25,6016.00,1115.56,87074.00,44.00,84.12,66.76,39.24,0.69,0.05
1.00,111.99,67.64,0.22,0.50,9633.00,7279.17,7010.55,6062.00,1023.46,87350.00,50.00,80.18,67.78,38.99,0.48,0.03
3.77,111.69,65.63,0.20,0.59,22305.00,9937.52,8788.34,5983.00,3659.07,596251.00,152.00,81.10,65.98,39.30,0.62,0.34
0.33,113.94,66.59,0.36,0.29,8749.00,7247.25,6995.41,6169.00,936.67,28989.00,16.00,83.25,67.09,39.35,0.68,0.01
0.15,113.83,68.44,0.00,1.92,7837.00,6776.33,5804.00,5804.00,832.31,20329.00,14.00,81.32,69.19,39.45,0.76,0.00
0.80,111.69,62.86,0.09,0.88,8447.00,6753.78,6191.02,5936.00,902.64,60784.00,36.00,83.09,63.04,39.95,0.60,0.03
0.25,114.50,64.46,0.25,0.44,6854.00,6613.00,6440.00,6440.00,175.72,19839.00,14.00,85.42,65.00,39.83,0.68,0.01
0.23,114.56,63.85,0.25,0.44,6516.00,6166.67,5658.00,5658.00,367.95,18500.00,14.00,86.02,64.41,39.71,0.72,0.01
0.33,114.72,63.76,0.62,0.23,6738.00,5961.17,5724.23,5255.00,504.79,35767.00,26.00,85.90,64.67,39.98,0.72,0.01
2.61,112.34,64.66,0.17,0.51,12896.00,8174.42,7490.33,6079.00,1650.55,269756.00,116.00,82.70,64.92,39.59,0.50,0.14
0.24,114.24,66.46,0.00,1.92,10530.00,7454.67,5638.00,5638.00,2186.49,22364.00,14.00,83.38,67.04,40.04,0.69,0.01
0.28,113.20,60.45,0.25,0.44,6898.00,6357.33,5909.00,5909.00,409.00,19072.00,14.00,86.68,60.56,40.41,0.70,0.01
0.26,113.99,60.72,0.25,0.44,8016.00,7290.33,5920.00,5920.00,969.53,21871.00,14.00,87.56,60.84,40.32,0.81,0.01
0.22,113.15,62.80,0.25,0.50,7334.00,6940.00,6790.96,6401.00,371.70,27760.00,18.00,84.47,62.99,41.25,0.56,0.00
0.16,115.13,63.56,0.25,0.44,7463.00,6065.67,5218.00,5218.00,995.53,18197.00,14.00,86.31,64.26,40.91,0.71,0.00
0.37,113.00,66.00,0.16,0.84,9868.00,7611.25,6663.50,6332.00,1379.26,30445.00,18.00,82.28,66.23,40.16,0.75,0.01
0.40,112.57,61.12,0.67,0.19,8058.00,6522.17,6162.20,5920.00,709.19,39133.00,26.00,85.11,61.41,40.72,0.65,0.01
4.86,114.48,61.65,0.15,0.80,22346.00,10057.60,8942.81,6237.00,3333.16,844841.00,196.00,87.31,62.09,40.35,0.62,0.49
0.59,114.73,64.33,0.52,0.34,8100.00,6833.86,6407.70,6037.00,684.57,47837.00,30.00,85.45,64.90,40.61,0.68,0.02
0.41,113.18,60.40,0.34,0.46,9790.00,6861.20,5839.54,5412.00,1540.52,34306.00,20.00,86.37,60.53,41.07,0.70,0.01
0.46,114.26,60.65,0.34,0.46,10998.00,8110.60,6770.14,6507.00,1673.45,40553.00,20.00,87.69,60.80,40.83,0.66,0.02
0.24,115.09,63.72,0.25,0.44,8636.00,6887.67,5589.00,5589.00,1283.93,20663.00,14.00,86.09,64.50,40.92,0.78,0.01
2.06,113.27,64.92,0.32,0.52,14131.00,9234.84,8012.59,6453.00,2370.83,230871.00,92.00,83.46,65.23,40.11,0.59,0.13
0.16,113.59,65.36,0.25,0.44,6878.00,6484.00,6200.00,6200.00,287.51,19452.00,14.00,83.25,65.48,41.04,0.68,0.00
0.95,112.80,61.12,0.20,0.67,10314.00,7379.00,6617.53,5933.00,1330.90,81169.00,44.00,85.30,61.35,41.01,0.56,0.04
0.21,112.50,61.40,0.25,0.44,6668.00,6418.33,6233.00,6233.00,183.32,19255.00,14.00,84.86,61.50,40.90,0.67,0.00
0.27,112.58,61.79,0.21,0.42,8164.00,6553.40,6176.97,5809.00,828.03,32767.00,22.00,84.66,61.89,40.94,0.69,0.01
0.19,112.46,61.98,0.39,0.47,7504.00,6909.33,5817.00,5817.00,773.41,20728.00,14.00,84.32,62.13,40.95,0.84,0.01
0.44,112.91,62.27,0.42,0.28,11777.00,7872.00,6470.00,6470.00,1990.67,39360.00,22.00,84.48,62.52,41.24,0.71,0.02
2.47,114.21,63.13,0.45,0.39,12726.00,7987.72,7488.26,5988.00,1608.58,287558.00,110.00,85.49,63.46,41.32,0.58,0.16
0.37,113.94,63.06,0.13,0.51,8570.00,6761.00,5951.48,5800.00,1005.15,33805.00,22.00,85.17,63.20,41.66,0.62,0.01
1.20,114.46,60.43,0.37,0.41,11833.00,8400.73,7589.50,6585.00,1485.02,126011.00,56.00,87.72,60.74,41.42,0.62,0.06
0.19,113.07,60.77,0.25,0.44,7118.00,6496.33,5980.00,5980.00,470.52,19489.00,14.00,86.00,60.84,41.10,0.54,0.00
0.32,113.03,60.87,0.03,0.98,7630.00,7375.00,6980.00,6980.00,283.23,22125.00,14.00,85.73,60.98,41.33,0.57,0.01
0.20,114.10,61.23,0.39,0.47,7062.00,6963.00,6906.00,6906.00,70.28,20889.00,14.00,87.59,61.38,39.75,0.85,0.01
4.26,114.88,60.92,0.18,0.69,27587.00,11626.60,10594.10,6970.00,3812.94,871993.00,168.00,87.91,61.43,41.19,0.67,0.45
0.22,113.36,60.38,0.00,1.92,8001.00,6777.33,6040.00,6040.00,871.31,20332.00,14.00,86.32,60.60,41.56,0.57,0.00
0.64,113.54,60.22,0.64,0.23,9918.00,7608.25,6627.01,6140.00,1461.02,60866.00,30.00,86.51,60.43,41.89,0.83,0.04
0.35,115.07,59.64,0.47,0.29,8564.00,6503.40,5485.01,5266.00,1229.46,32517.00,22.00,88.84,59.83,42.07,0.78,0.01
0.22,115.13,59.45,0.25,0.44,7585.00,6792.67,5875.00,5875.00,703.71,20378.00,14.00,89.05,59.53,42.21,0.76,0.01
0.38,113.86,59.89,1.00,0.00,8024.00,6981.60,6729.18,6438.00,547.59,34908.00,22.00,87.03,60.09,42.16,0.86,0.02
0.48,116.18,60.20,0.51,0.19,7686.00,6687.17,6273.42,5677.00,756.69,40123.00,26.00,89.56,60.83,42.14,0.70,0.02
2.92,115.83,61.09,0.35,0.54,14707.00,8303.94,7556.21,5508.00,2116.43,298942.00,124.00,88.49,61.75,42.10,0.51,0.17
0.10,116.07,61.44,0.39,0.47,5950.00,5774.67,5439.00,5439.00,237.43,17324.00,14.00,88.35,61.76,43.04,0.75,0.00
4.69,112.86,60.37,0.28,0.48,19620.00,9088.81,8098.62,4946.00,3224.35,708927.00,212.00,85.08,60.80,42.45,0.58,0.42
0.33,112.94,61.17,0.36,0.29,8657.00,7598.50,7444.25,6809.00,667.17,30394.00,16.00,85.23,61.27,41.67,0.71,0.01
0.49,113.40,60.62,0.23,0.00,8374.00,7580.20,7181.47,7143.00,481.06,37901.00,22.00,85.89,60.70,42.38,0.63,0.02
0.17,113.62,60.78,0.25,0.44,7562.00,6751.67,6301.00,6301.00,574.20,20255.00,14.00,85.59,60.91,43.29,0.70,0.00
0.25,114.95,62.17,0.39,0.47,7296.00,6986.33,6534.00,6534.00,327.03,20959.00,14.00,86.71,62.40,42.43,0.80,0.01
0.39,114.30,59.11,0.12,0.69,8348.00,6404.40,5819.16,5521.00,1008.05,32022.00,22.00,87.90,59.24,42.77,0.70,0.01
0.42,114.77,59.13,0.36,0.29,7711.00,7232.75,6976.44,6689.00,415.89,28931.00,16.00,88.16,59.23,43.49,0.64,0.01
0.40,113.74,60.19,0.28,0.55,8249.00,6756.50,6544.25,5976.00,637.56,54052.00,32.00,86.44,60.33,42.72,0.65,0.01
0.76,113.90,59.68,0.14,0.82,10984.00,7757.57,7341.63,5686.00,1535.64,54303.00,30.00,86.80,59.92,42.99,0.65,0.03
0.22,119.53,55.21,0.23,0.45,5833.00,5390.80,5073.92,4871.00,358.59,26954.00,22.00,94.55,55.54,47.56,0.67,0.01
0.33,119.73,54.92,0.51,0.22,6445.00,5653.00,5241.20,5182.00,453.28,28265.00,22.00,94.88,55.01,48.04,0.54,0.01
1.54,140.31,26.08,0.32,0.56,10064.00,7008.84,6706.87,5153.00,1425.87,133168.00,62.00,123.53,50.60,43.21,0.60,0.08
7.89,138.38,28.27,0.23,0.74,26823.00,10862.80,9691.87,6425.00,4005.74,1444760.00,326.00,121.06,50.32,44.29,0.54,0.83
0.14,138.23,29.26,0.39,0.47,7093.00,6239.67,5210.00,5210.00,778.78,18719.00,14.00,120.57,50.06,45.44,0.84,0.00
0.19,138.80,27.83,0.12,0.93,7455.00,6773.00,6250.00,6250.00,504.62,20319.00,14.00,122.05,49.12,44.24,0.68,0.00
3.21,139.14,27.01,0.21,0.62,13868.00,8098.95,7491.88,5540.00,1994.58,307760.00,134.00,122.50,49.20,43.94,0.50,0.19
0.48,139.45,26.79,0.23,0.79,8971.00,7360.17,6939.80,6384.00,926.10,44161.00,24.00,122.99,49.22,43.55,0.74,0.02
3.03,140.63,26.03,0.30,0.64,13489.00,8038.67,7405.75,5378.00,2174.46,345663.00,116.00,123.53,50.69,44.13,0.64,0.25
0.13,139.98,27.12,0.39,0.47,6102.00,5893.33,5665.00,5665.00,178.94,17680.00,14.00,122.74,50.39,44.58,0.71,0.00
0.43,139.33,28.43,0.72,0.12,7457.00,6601.00,6117.86,6052.00,568.87,26404.00,18.00,121.30,52.06,44.60,0.60,0.01
3.63,138.64,29.45,0.24,0.75,19030.00,9594.09,8272.30,5596.00,3211.30,661992.00,150.00,120.00,53.12,44.73,0.75,0.42
0.95,139.28,28.93,0.36,0.34,10897.00,8224.13,7887.80,6052.00,1640.97,65793.00,34.00,120.84,52.52,45.15,0.58,0.04
0.12,139.57,28.58,0.39,0.47,6637.00,6137.67,5682.00,5682.00,391.10,18413.00,14.00,121.27,52.29,45.15,0.76,0.00
4.13,138.64,29.61,0.27,0.69,19279.00,9399.32,8389.77,5941.00,2823.83,620355.00,168.00,119.95,52.42,45.68,0.60,0.37
2.82,139.96,27.64,0.34,0.39,12846.00,8437.87,8461.59,6165.00,1682.19,261574.00,100.00,121.92,51.29,45.76,0.51,0.16
1.55,137.93,30.18,0.49,0.26,12092.00,7421.00,6814.18,5370.00,1558.35,140999.00,64.00,119.50,51.42,45.83,0.67,0.10
0.49,138.54,30.46,0.19,0.51,8149.00,7134.67,7248.30,5587.00,881.87,42808.00,26.00,119.38,53.19,45.97,0.70,0.02
3.79,138.34,29.99,0.25,0.59,12588.00,7291.52,7049.75,5165.00,1443.30,349993.00,164.00,119.60,51.43,46.79,0.46,0.22
0.40,138.44,30.32,0.39,0.38,7886.00,7086.50,6603.50,6062.00,776.64,28346.00,18.00,119.46,51.79,47.04,0.66,0.01
1.75,137.51,31.74,0.33,0.30,12086.00,7329.17,6793.68,5755.00,1658.37,131925.00,70.00,117.91,52.76,47.16,0.52,0.08
0.31,138.71,29.96,0.47,0.32,7900.00,6416.25,6110.70,5341.00,929.94,25665.00,18.00,119.84,51.17,47.54,0.82,0.01
2.73,137.95,31.53,0.26,0.65,18263.00,8769.34,7986.34,6195.00,2517.99,359543.00,114.00,118.06,52.69,48.13,0.67,0.23
0.75,139.83,29.40,0.11,0.60,8136.00,6906.29,6485.60,6034.00,722.22,48344.00,30.00,120.31,52.77,47.91,0.63,0.03
0.52,139.13,30.76,0.18,0.77,6425.00,5812.14,5550.88,5241.00,388.90,40685.00,28.00,119.04,53.62,48.07,0.65,0.02
0.36,114.93,58.99,0.22,0.61,9601.00,7381.50,6479.55,5703.00,1472.55,29526.00,18.00,88.50,59.14,43.35,0.85,0.02
0.48,114.48,59.45,0.26,0.70,10429.00,7865.20,6989.69,6196.00,1516.86,39326.00,20.00,87.58,59.59,43.40,0.77,0.02
0.39,114.63,59.73,0.32,0.46,9608.00,7732.75,6876.44,6129.00,1337.31,30931.00,18.00,87.46,59.85,43.70,0.76,0.02
5.36,117.57,58.42,0.17,0.67,22401.00,9186.30,8027.66,5126.00,3737.63,826767.00,218.00,91.00,60.51,43.36,0.59,0.52
0.63,115.11,58.96,0.50,0.26,9972.00,7212.14,6417.58,5798.00,1339.70,50485.00,28.00,88.48,59.14,43.84,0.77,0.03
0.87,115.37,58.87,0.12,0.71,11118.00,7169.80,5950.28,5391.00,1832.35,71698.00,36.00,88.72,59.04,44.19,0.70,0.04
0.17,114.71,59.46,0.12,0.93,7717.00,6686.67,5725.00,5725.00,814.68,20060.00,14.00,87.66,59.53,43.94,0.54,0.00
0.33,114.85,59.58,0.80,0.13,9639.00,7211.25,6214.78,5743.00,1502.94,28845.00,16.00,87.57,59.72,44.22,0.81,0.01
0.17,115.39,59.88,0.27,0.00,8363.00,6595.67,5658.00,5658.00,1250.47,19787.00,14.00,88.05,59.96,44.35,0.68,0.00
0.17,115.85,60.10,0.39,0.47,7446.00,6080.00,5330.00,5330.00,967.46,18240.00,14.00,88.22,60.22,44.85,0.77,0.00
0.12,116.12,57.42,0.25,0.44,6559.00,5592.67,5082.00,5082.00,683.67,16778.00,14.00,89.80,57.48,46.01,0.67,0.00
0.58,118.89,56.64,0.40,0.23,11499.00,7822.17,6226.50,5419.00,2286.27,46933.00,26.00,93.15,58.17,45.54,0.71,0.03
2.80,119.19,56.30,0.36,0.47,12391.00,7552.13,6936.58,5003.00,1991.87,302085.00,122.00,93.30,58.71,45.34,0.59,0.20
0.23,118.56,57.15,0.25,0.44,8123.00,6738.67,5952.00,5952.00,981.91,20216.00,14.00,92.65,58.50,45.28,0.71,0.01
3.78,117.51,57.58,0.21,0.66,23813.00,9780.24,8521.50,5938.00,3667.42,606375.00,162.00,91.27,57.97,46.02,0.66,0.37
0.84,119.18,56.47,0.29,0.35,11234.00,7701.88,6146.33,5668.00,2113.41,61615.00,32.00,93.25,58.14,46.12,0.67,0.04
0.52,116.71,58.25,0.19,0.54,9902.00,6908.67,6151.02,5727.00,1419.73,41452.00,26.00,89.94,58.39,46.07,0.63,0.02
0.28,116.60,58.49,0.16,0.84,7299.00,6153.75,5430.10,5362.00,805.79,24615.00,18.00,89.58,58.62,46.19,0.70,0.01
0.48,117.24,58.46,0.18,0.63,7607.00,6285.86,6083.14,5365.00,680.09,44001.00,30.00,90.08,58.64,46.83,0.65,0.02
0.33,116.79,56.19,0.16,0.84,6899.00,5756.75,5165.94,5027.00,742.86,23027.00,18.00,90.94,56.35,46.84,0.71,0.01
0.42,117.46,56.35,0.32,0.46,9004.00,7563.00,6609.26,6522.00,1042.86,30252.00,18.00,91.19,56.52,47.81,0.81,0.02
2.34,96.53,7.48,0.18,0.68,10409.00,7107.10,6955.69,5386.00,1195.72,213213.00,98.00,82.72,7.78,49.15,0.58,0.15
0.18,97.47,8.05,0.12,0.93,6697.00,5983.67,5538.00,5538.00,509.61,17951.00,14.00,83.83,8.14,49.06,0.76,0.00
1.36,96.52,9.81,0.26,0.62,10727.00,7443.06,7024.52,5372.00,1591.40,126532.00,58.00,82.56,10.03,48.99,0.70,0.09
0.38,96.29,9.57,0.27,0.63,7016.00,6133.83,6055.77,5635.00,423.15,36803.00,24.00,82.30,9.71,49.03,0.69,0.01
0.64,95.91,10.82,0.22,0.59,8672.00,6409.88,6079.54,5179.00,1005.49,51279.00,32.00,81.74,10.96,48.95,0.73,0.03
1.08,98.20,4.10,0.25,0.27,8774.00,6963.58,6763.71,5655.00,1022.09,83563.00,38.00,84.69,4.29,49.53,0.64,0.05
0.54,98.19,5.81,0.16,0.00,8874.00,6910.60,6005.25,5994.00,1147.18,34553.00,20.00,84.78,5.93,49.18,0.68,0.02
1.32,97.34,6.54,0.27,0.30,10826.00,7463.40,6809.82,5607.00,1532.41,111951.00,52.00,83.63,6.76,49.35,0.70,0.08
1.15,98.18,7.02,0.47,0.39,11011.00,7468.92,7047.25,5726.00,1476.31,89627.00,46.00,84.61,7.36,49.26,0.63,0.06
2.75,95.79,11.47,0.30,0.54,13233.00,8034.43,7301.09,5602.00,2058.98,297274.00,112.00,81.27,11.78,49.31,0.61,0.20
0.24,95.97,11.60,0.12,0.93,7019.00,6648.33,6313.00,6313.00,289.30,19945.00,14.00,80.89,11.78,50.27,0.70,0.01
0.81,96.63,14.04,0.65,0.13,8564.00,7167.50,6689.19,6188.00,830.06,57340.00,32.00,81.81,14.31,49.39,0.69,0.04
0.76,96.72,15.33,0.16,0.79,10989.00,7938.88,7688.93,5608.00,1730.81,63511.00,30.00,81.71,15.51,49.38,0.75,0.04
0.82,97.49,16.30,0.41,0.46,8667.00,6397.55,5791.10,5466.00,979.01,70373.00,42.00,82.40,16.59,49.40,0.62,0.03
4.62,97.16,18.20,0.33,0.41,19675.00,9667.94,8952.12,6018.00,2853.92,628416.00,188.00,81.60,18.59,49.37,0.57,0.40
6.32,96.84,3.93,0.44,0.24,12177.00,7183.52,6795.42,5219.00,1453.11,596232.00,240.00,82.85,4.46,49.94,0.46,0.47
1.36,98.38,5.15,0.29,0.65,12873.00,7237.12,6564.28,5396.00,1749.42,123031.00,62.00,84.65,5.49,49.82,0.60,0.07
5.49,96.10,8.08,0.37,0.48,17966.00,8451.62,7975.02,5610.00,2037.52,760646.00,218.00,81.92,8.71,49.48,0.58,0.53
3.01,97.76,9.03,0.24,0.56,15889.00,8113.56,7696.03,5402.00,2230.56,332656.00,118.00,83.74,9.28,49.57,0.61,0.24
0.22,98.14,10.10,0.25,0.44,7121.00,6045.00,4573.00,4573.00,1077.25,18135.00,14.00,84.06,10.18,49.62,0.76,0.01
2.36,97.15,12.39,0.34,0.44,17292.00,8128.74,7061.50,5600.00,2585.11,284506.00,96.00,82.60,12.62,49.57,0.69,0.20
0.23,97.45,13.19,0.25,0.44,8654.00,6966.33,5114.00,5114.00,1449.88,20899.00,14.00,82.80,13.35,49.63,0.76,0.01
0.18,96.75,13.67,0.25,0.44,7169.00,6103.33,5416.00,5416.00,764.03,18310.00,14.00,82.21,13.78,49.11,0.72,0.00
0.48,96.72,13.50,0.32,0.58,8485.00,6628.29,6338.63,5976.00,775.99,46398.00,28.00,81.93,13.73,49.54,0.76,0.02
1.92,96.25,15.83,0.26,0.65,13293.00,8066.08,7285.03,5969.00,1746.26,193586.00,82.00,80.78,16.11,49.80,0.61,0.12
0.67,98.87,3.66,0.17,0.68,8771.00,6539.00,6304.25,5183.00,988.30,52312.00,32.00,85.34,3.87,49.77,0.58,0.02
1.20,98.31,6.52,0.31,0.59,16517.00,8378.46,7460.24,6120.00,2628.42,108920.00,46.00,84.32,6.80,50.08,0.68,0.07
2.50,98.59,7.18,0.36,0.46,14008.00,7733.30,7263.88,5461.00,1866.19,231999.00,94.00,84.69,7.44,49.91,0.56,0.15
0.72,97.46,9.26,0.14,0.35,10933.00,7118.63,6584.08,6050.00,1467.35,56949.00,32.00,82.84,9.43,50.46,0.60,0.03
0.65,97.89,11.42,0.63,0.14,8499.00,6493.86,5434.49,4981.00,1267.29,45457.00,30.00,83.42,11.69,49.88,0.60,0.02
1.15,96.06,13.37,0.26,0.45,9642.00,7095.46,6943.35,5455.00,1354.04,92241.00,52.00,81.06,13.58,49.73,0.59,0.05
4.04,96.11,14.24,0.11,0.82,11421.00,7746.07,7227.78,5216.00,1452.81,317589.00,152.00,80.59,14.60,50.29,0.43,0.21
0.42,97.96,16.62,0.51,0.22,8018.00,6831.40,6106.72,5909.00,823.77,34157.00,22.00,82.54,16.79,50.01,0.72,0.02
0.34,98.05,16.70,0.23,0.37,7897.00,6782.25,6407.28,6353.00,644.88,27129.00,18.00,82.40,16.77,50.42,0.64,0.01
0.19,96.40,17.89,0.25,0.44,7242.00,6954.33,6511.00,6511.00,318.08,20863.00,14.00,80.76,17.98,49.46,0.63,0.00
0.25,96.61,17.58,0.39,0.47,8484.00,7458.33,6379.00,6379.00,860.20,22375.00,14.00,80.78,17.72,49.94,0.74,0.01
0.40,99.36,2.39,0.32,0.46,7148.00,5570.17,5267.38,4788.00,783.21,33421.00,24.00,85.75,2.51,50.13,0.69,0.01
2.45,97.72,2.95,0.12,0.67,11340.00,7238.66,6661.92,5691.00,1447.35,253353.00,102.00,83.58,3.21,50.53,0.62,0.18
0.17,96.71,7.31,0.25,0.44,6755.00,6477.67,6116.00,6116.00,267.60,19433.00,14.00,82.56,7.38,49.83,0.72,0.00
0.90,97.08,6.47,0.66,0.17,10994.00,7231.20,6878.54,5673.00,1381.98,72312.00,42.00,82.78,6.73,50.27,0.60,0.04
0.33,96.92,7.19,0.12,0.69,6908.00,6070.20,5865.32,5805.00,419.98,30351.00,22.00,82.39,7.29,50.51,0.65,0.01
0.61,95.64,12.23,0.64,0.23,10345.00,7498.50,6433.26,5914.00,1564.29,44991.00,24.00,80.47,12.43,50.17,0.77,0.03
0.88,97.89,13.21,0.18,0.77,13183.00,7911.44,6598.63,5658.00,2136.72,71203.00,38.00,82.85,13.40,50.38,0.66,0.04
0.56,95.66,16.09,0.39,0.49,7864.00,6348.57,5511.71,5426.00,991.24,44440.00,26.00,79.83,16.29,50.13,0.74,0.03
1.32,99.03,4.93,0.36,0.52,11991.00,7913.64,7744.31,5814.00,1712.35,110791.00,52.00,85.05,5.32,50.45,0.64,0.07
0.22,97.18,7.02,0.25,0.44,7439.00,6739.33,5978.00,5978.00,598.04,20218.00,14.00,82.64,7.14,50.62,0.77,0.01
1.88,97.80,8.13,0.42,0.35,10645.00,7461.85,7374.49,5720.00,1309.78,149237.00,80.00,83.16,8.41,50.78,0.46,0.08
0.06,96.11,13.09,0.39,0.47,5735.00,5594.33,5413.00,5413.00,134.55,16783.00,14.00,80.86,13.21,50.24,0.76,0.00
0.25,96.60,13.13,0.39,0.47,7872.00,6713.33,5931.00,5931.00,835.90,20140.00,14.00,81.22,13.27,50.58,0.78,0.01
4.98,96.54,15.04,0.20,0.51,14087.00,8519.45,8170.54,5332.00,1954.25,630439.00,196.00,80.80,15.45,50.52,0.55,0.43
1.09,98.60,17.12,0.14,0.64,9814.00,6944.23,6279.79,5335.00,1209.86,90275.00,50.00,82.82,17.32,50.62,0.61,0.05
0.39,98.55,17.44,0.26,0.70,7352.00,6608.60,6074.61,5978.00,575.64,33043.00,20.00,82.60,17.59,50.79,0.77,0.02
1.18,97.26,17.24,0.23,0.53,9755.00,7288.64,6770.62,5954.00,1110.27,102041.00,56.00,81.08,17.44,50.80,0.57,0.05
0.63,97.39,17.53,0.35,0.22,9184.00,7397.43,6015.38,5790.00,1381.62,51782.00,30.00,80.96,17.65,51.17,0.57,0.02
2.34,96.53,17.30,0.20,0.67,11833.00,7484.03,6939.55,5474.00,1678.57,217037.00,102.00,80.35,17.65,50.50,0.53,0.13
0.18,99.89,2.35,0.39,0.47,7107.00,5752.00,5056.00,5056.00,958.25,17256.00,14.00,85.96,2.45,50.82,0.73,0.00
4.87,99.52,3.44,0.42,0.35,15691.00,7971.49,7173.50,5454.00,2323.57,605833.00,204.00,85.41,3.92,50.94,0.56,0.43
2.22,98.84,6.52,0.29,0.65,11893.00,7554.74,7016.61,4996.00,1609.47,256861.00,90.00,84.51,6.91,50.79,0.70,0.18
0.31,95.64,11.78,0.39,0.38,8517.00,6723.25,6077.99,5486.00,1136.84,26893.00,18.00,80.65,11.91,50.00,0.69,0.01
0.92,96.18,11.60,0.25,0.61,12852.00,7234.56,6528.94,5358.00,2115.58,65111.00,38.00,80.82,11.85,50.78,0.59,0.04
0.34,95.91,12.16,0.25,0.44,10015.00,7325.00,5928.00,5928.00,1902.59,21975.00,14.00,80.33,12.32,50.93,0.76,0.01
0.21,97.85,12.46,0.27,0.00,6423.00,6179.00,5965.00,5965.00,188.18,18537.00,14.00,83.13,12.52,50.08,0.61,0.00
2.99,98.07,12.22,0.28,0.62,15832.00,8492.25,7184.07,5723.00,2731.25,373659.00,130.00,82.89,12.59,50.88,0.63,0.24
1.94,98.37,13.70,0.24,0.48,14385.00,7974.35,6640.40,5651.00,2620.13,183410.00,82.00,82.94,13.99,51.01,0.63,0.13
0.18,98.78,18.42,0.25,0.44,8620.00,6316.33,4873.00,4873.00,1646.23,18949.00,14.00,82.63,18.52,50.87,0.70,0.00
0.35,97.61,1.25,0.72,0.12,8097.00,6497.00,5597.07,5408.00,1083.03,25988.00,18.00,83.13,1.38,51.13,0.78,0.01
0.18,97.59,1.51,0.08,0.53,5914.00,5464.00,5215.38,5178.00,297.01,21856.00,18.00,83.25,1.63,50.91,0.60,0.00
1.50,99.44,5.09,0.23,0.62,11095.00,6909.00,6679.43,5357.00,1305.97,138180.00,66.00,85.19,5.35,51.02,0.64,0.09
0.43,99.51,4.82,0.62,0.23,8497.00,6515.17,6052.74,5943.00,899.37,39091.00,26.00,85.17,4.94,51.23,0.66,0.01
0.22,98.76,5.56,0.39,0.47,8527.00,6993.67,5938.00,5938.00,1109.61,20981.00,14.00,84.66,5.70,50.53,0.83,0.01
0.66,98.99,5.49,0.47,0.23,10761.00,7029.86,5619.16,5599.00,1779.43,49209.00,30.00,84.60,5.69,51.09,0.60,0.02
1.05,97.53,6.47,0.27,0.60,10593.00,7024.17,6594.51,5624.00,1338.90,84290.00,42.00,82.96,6.74,50.84,0.65,0.05
0.36,97.67,8.41,0.44,0.32,8091.00,6478.20,5826.94,5571.00,898.77,32391.00,20.00,82.74,8.63,51.17,0.68,0.01
1.89,97.90,14.43,0.25,0.64,12226.00,7234.52,6528.25,5378.00,1632.50,180863.00,82.00,82.19,14.74,51.12,0.62,0.12
0.20,98.45,14.50,0.25,0.44,6614.00,5931.33,5245.00,5245.00,558.90,17794.00,14.00,82.53,14.57,51.66,0.67,0.00
0.53,100.35,0.00,0.33,0.57,9436.00,7295.50,6291.58,5810.00,1447.36,43773.00,24.00,86.19,0.13,51.39,0.68,0.02
0.52,100.27,2.09,0.15,0.63,7932.00,5993.17,5573.74,5363.00,882.35,35959.00,26.00,86.04,2.27,51.43,0.74,0.02
1.34,98.66,2.30,0.11,0.75,11603.00,7605.64,7212.43,5461.00,1768.72,106479.00,54.00,84.05,2.50,51.60,0.59,0.07
0.24,98.34,8.17,0.25,0.44,7949.00,6636.33,5845.00,5845.00,934.72,19909.00,14.00,83.69,8.29,50.98,0.66,0.01
1.34,97.10,13.04,0.33,0.47,11438.00,7473.86,7243.25,5845.00,1304.79,104634.00,56.00,81.40,13.30,51.25,0.58,0.06
1.05,97.46,13.31,0.38,0.43,10122.00,7314.09,6456.02,5653.00,1588.93,80455.00,44.00,81.73,13.54,51.34,0.66,0.06
0.12,98.16,15.85,0.25,0.44,5771.00,5571.33,5233.00,5233.00,240.53,16714.00,14.00,82.08,15.97,51.42,0.73,0.00
0.65,98.99,17.00,0.40,0.47,8181.00,6170.00,5848.73,4971.00,947.63,49360.00,32.00,82.92,17.19,51.26,0.67,0.03
2.85,100.65,0.59,0.42,0.29,10020.00,7010.11,6562.50,5527.00,1141.24,266384.00,116.00,86.15,0.93,52.04,0.56,0.19
1.86,96.57,21.76,0.25,0.67,12013.00,7644.00,7129.13,4989.00,1727.64,160524.00,68.00,80.49,22.09,48.57,0.63,0.12
0.21,97.74,26.10,0.80,0.13,5928.00,5560.50,5480.91,5285.00,233.15,22242.00,16.00,80.54,26.21,48.78,0.88,0.01
0.60,96.42,19.24,0.13,0.92,8087.00,6569.29,5868.05,5382.00,994.35,45985.00,30.00,80.73,19.40,49.01,0.65,0.02
1.64,97.37,19.44,0.28,0.44,10773.00,7463.42,7369.90,5906.00,1189.11,141805.00,68.00,81.74,19.72,49.10,0.62,0.10
0.50,98.27,20.87,0.08,0.53,12387.00,8572.75,7658.38,5509.00,2487.58,34291.00,18.00,82.37,21.00,49.30,0.67,0.02
3.39,98.77,24.28,0.35,0.51,20828.00,8531.85,7578.74,6081.00,2743.19,341274.00,134.00,82.15,24.60,49.01,0.49,0.20
1.40,99.14,26.84,0.29,0.63,10886.00,7366.80,7475.74,5217.00,1462.39,147336.00,60.00,81.82,27.13,48.98,0.77,0.10
0.23,99.58,27.03,0.25,0.44,7037.00,6503.00,5838.00,5838.00,498.18,19509.00,14.00,82.05,27.14,49.47,0.70,0.01
0.47,96.50,21.14,0.49,0.25,8042.00,6441.67,5842.05,5561.00,866.06,38650.00,24.00,80.09,21.33,49.43,0.68,0.02
0.22,97.41,23.44,0.47,0.32,7520.00,6529.00,6238.04,5543.00,727.75,26116.00,18.00,80.59,23.60,49.35,0.87,0.01
1.83,99.59,25.17,0.36,0.53,16923.00,8575.09,7807.14,5863.00,2747.02,188652.00,74.00,82.58,25.44,49.52,0.62,0.11
0.20,99.25,25.78,0.25,0.44,6554.00,6459.00,6376.00,6376.00,73.17,19377.00,14.00,82.20,25.90,49.23,0.71,0.01
1.95,98.18,25.79,0.50,0.35,9867.00,7241.17,6614.66,5267.00,1319.71,166547.00,80.00,80.69,26.14,49.46,0.61,0.12
0.75,99.76,28.84,0.32,0.59,9523.00,6663.89,5499.96,4986.00,1613.46,59975.00,34.00,81.71,29.03,49.33,0.76,0.04
0.92,102.76,34.47,0.34,0.50,7720.00,6389.92,6031.95,5612.00,682.48,76679.00,44.00,83.16,34.70,49.40,0.67,0.05
4.30,104.48,36.74,0.18,0.77,19746.00,8167.52,7268.99,5161.00,2683.19,530889.00,180.00,84.16,37.12,49.54,0.55,0.34
0.88,96.50,18.49,0.20,0.68,12980.00,8015.67,7264.38,5664.00,2007.43,72141.00,38.00,80.52,18.82,49.75,0.67,0.04
0.49,96.44,20.04,0.31,0.47,9513.00,6964.33,6161.84,5717.00,1351.80,41786.00,26.00,80.16,20.19,49.66,0.77,0.02
4.43,99.06,23.71,0.15,0.65,17818.00,9305.49,8418.00,5786.00,2725.25,651384.00,172.00,82.21,24.03,49.78,0.60,0.41
3.10,97.70,24.19,0.28,0.57,12649.00,7684.53,6977.24,5203.00,1866.12,376542.00,126.00,80.35,24.66,49.80,0.64,0.27
1.08,99.13,28.62,0.24,0.41,9652.00,6948.36,6298.55,4856.00,1489.28,76432.00,44.00,80.86,28.84,49.55,0.64,0.05
0.27,99.59,28.70,0.25,0.44,7056.00,6502.00,5750.00,5750.00,551.25,19506.00,14.00,81.12,28.78,50.09,0.72,0.01
0.53,99.86,29.57,0.37,0.49,7925.00,6267.71,5872.91,4798.00,959.01,43874.00,28.00,81.37,29.70,49.69,0.76,0.02
2.97,105.00,34.96,0.22,0.48,10117.00,6829.31,6413.71,5020.00,1273.11,245855.00,118.00,85.22,35.34,50.12,0.51,0.17
0.28,96.43,20.34,0.32,0.46,8866.00,6160.00,5208.34,5194.00,1563.61,24640.00,18.00,79.92,20.49,49.92,0.73,0.01
0.68,97.26,21.07,0.44,0.39,10468.00,8223.86,7592.92,6553.00,1285.75,57567.00,28.00,80.63,21.35,50.03,0.76,0.03
4.35,98.73,21.24,0.16,0.79,14711.00,7662.52,6959.23,5608.00,1768.44,505726.00,186.00,82.47,21.68,49.75,0.55,0.34
0.66,97.82,23.56,0.24,0.63,9511.00,7387.00,6434.01,5881.00,1354.96,51709.00,30.00,80.69,23.77,49.92,0.70,0.03
2.65,100.03,25.18,0.13,0.70,16456.00,8672.52,7799.63,5802.00,2689.81,268848.00,110.00,82.48,25.50,50.53,0.56,0.17
0.30,101.33,28.14,0.25,0.44,6998.00,6354.00,6017.00,6017.00,455.54,19062.00,14.00,83.39,28.29,50.12,0.71,0.01
1.24,100.04,28.81,0.50,0.36,12345.00,7254.15,6636.46,5672.00,1792.52,94304.00,50.00,81.74,29.02,49.85,0.64,0.07
0.85,102.09,30.16,0.44,0.43,10395.00,7161.38,6953.70,5968.00,1292.38,57291.00,32.00,83.60,30.33,50.14,0.67,0.04
2.04,102.13,30.54,0.47,0.28,10351.00,6990.05,6485.38,5705.00,1199.68,153781.00,84.00,83.50,31.06,49.93,0.52,0.10
0.30,102.36,30.73,0.10,0.57,7733.00,6937.25,6937.31,5977.00,628.60,27749.00,18.00,83.49,30.82,50.57,0.63,0.01
2.75,105.74,36.66,0.33,0.40,11758.00,7823.33,6903.45,5636.00,1845.70,258170.00,110.00,85.36,37.05,50.20,0.53,0.17
0.08,98.60,20.27,0.25,0.44,5502.00,5407.33,5252.00,5252.00,110.70,16222.00,14.00,82.87,20.28,49.43,0.42,0.00
0.15,99.04,20.67,0.25,0.44,6444.00,6060.33,5781.00,5781.00,280.54,18181.00,14.00,83.02,20.72,49.87,0.68,0.00
0.60,99.19,20.26,0.34,0.45,8499.00,6807.86,6084.82,5664.00,1012.08,47655.00,30.00,83.06,20.43,50.22,0.74,0.03
0.46,98.86,20.31,0.25,0.20,9242.00,7165.60,5917.20,5589.00,1563.34,35828.00,22.00,82.53,20.53,50.40,0.64,0.02
0.37,99.04,20.18,0.39,0.47,9151.00,8427.00,7528.00,7528.00,674.04,25281.00,14.00,82.71,20.35,50.54,0.81,0.02
7.60,97.40,21.70,0.17,0.72,21737.00,9550.79,8666.89,5573.00,3105.79,1212950.00,310.00,80.55,22.24,50.03,0.51,0.72
0.81,99.26,22.22,0.41,0.34,8015.00,6751.60,6975.41,5456.00,977.28,67516.00,36.00,82.59,22.39,50.29,0.70,0.04
0.28,98.57,26.03,0.12,0.93,9411.00,7514.33,5787.00,5787.00,1484.33,22543.00,14.00,80.67,26.14,50.25,0.70,0.01
0.58,100.16,29.39,0.16,0.84,8225.00,6664.00,6152.33,5624.00,967.47,39984.00,24.00,81.44,29.57,50.25,0.73,0.03
5.15,101.68,32.28,0.24,0.46,16175.00,7584.96,7159.70,5237.00,2001.79,561287.00,202.00,82.05,32.74,50.36,0.53,0.42
3.94,97.28,18.50,0.51,0.34,16233.00,8563.20,7726.24,5912.00,2437.36,505229.00,166.00,80.81,18.87,50.76,0.56,0.31
0.47,96.79,18.99,0.23,0.45,9167.00,6933.43,6370.03,6133.00,1025.61,48534.00,28.00,80.62,19.12,50.03,0.65,0.02
2.06,97.76,20.94,0.40,0.41,10540.00,7482.62,6777.76,5651.00,1268.30,157135.00,82.00,80.84,21.28,50.67,0.48,0.09
0.15,98.29,20.97,0.39,0.47,6478.00,6162.00,5815.00,5815.00,271.55,18486.00,14.00,81.23,21.10,51.16,0.82,0.00
0.30,98.18,23.72,0.39,0.38,7345.00,6370.75,5730.39,5685.00,697.52,25483.00,18.00,80.71,23.82,50.58,0.75,0.01
0.15,99.30,26.80,0.25,0.44,6609.00,6111.67,5390.00,5390.00,522.33,18335.00,14.00,81.12,26.88,50.58,0.76,0.00
0.39,99.22,27.88,0.27,0.33,7586.00,6024.00,5624.89,5137.00,823.40,36144.00,26.00,80.59,28.19,50.55,0.67,0.01
0.20,101.46,28.13,0.39,0.47,6808.00,6297.33,5310.00,5310.00,698.29,18892.00,14.00,83.34,28.22,50.52,0.83,0.01
0.42,100.29,30.06,0.20,0.61,9727.00,6486.40,5207.73,5136.00,1711.86,32432.00,22.00,81.15,30.34,50.51,0.68,0.01
1.37,102.63,31.05,0.29,0.53,10246.00,7257.05,6889.03,5418.00,1271.18,137884.00,56.00,83.65,31.34,50.54,0.71,0.09
5.04,103.13,33.53,0.15,0.72,19852.00,10255.00,9232.04,5543.00,3746.11,943462.00,208.00,83.23,33.95,50.56,0.65,0.56
0.29,97.48,20.07,0.25,0.44,7613.00,6881.00,6043.00,6043.00,645.32,20643.00,14.00,80.61,20.20,50.95,0.72,0.01
0.22,100.10,23.19,0.32,0.46,7295.00,5808.00,5211.02,5161.00,872.03,23232.00,18.00,83.03,23.31,50.81,0.75,0.01
0.79,101.50,27.12,0.25,0.68,7964.00,6379.60,5981.35,5047.00,906.61,63796.00,36.00,83.46,27.32,50.90,0.74,0.04
0.24,101.59,30.32,0.12,0.93,7561.00,6800.67,5431.00,5431.00,970.46,20402.00,14.00,82.35,30.39,51.13,0.57,0.00
2.70,101.84,29.40,0.34,0.45,9890.00,6817.66,6594.31,5426.00,981.31,197712.00,106.00,83.52,29.86,50.04,0.47,0.13
0.40,103.17,32.31,0.06,0.87,9412.00,6852.00,5513.00,5513.00,1527.31,34260.00,22.00,83.76,32.45,50.74,0.65,0.01
0.18,104.81,36.90,0.12,0.93,7486.00,6224.67,5088.00,5088.00,982.94,18674.00,14.00,83.87,36.98,50.83,0.73,0.00
2.02,99.64,24.26,0.31,0.48,13044.00,8513.52,7999.86,6064.00,1798.58,195811.00,70.00,82.02,24.63,50.94,0.68,0.15
1.43,101.16,27.12,0.46,0.35,13107.00,7154.12,6174.66,5391.00,2082.84,121620.00,66.00,82.88,27.42,51.11,0.55,0.07
0.30,101.10,27.60,0.25,0.44,8526.00,7312.67,5928.00,5928.00,1067.53,21938.00,14.00,82.78,27.73,50.98,0.69,0.01
1.33,100.19,28.51,0.39,0.29,8994.00,7029.82,6636.87,5292.00,1136.89,119507.00,58.00,81.23,28.76,51.12,0.67,0.08
2.21,106.16,37.00,0.24,0.69,15371.00,7511.83,6857.38,5419.00,2052.04,225355.00,90.00,85.24,37.31,51.12,0.62,0.15
0.21,106.33,36.87,0.25,0.44,8188.00,6505.67,5659.00,5659.00,1189.60,19517.00,14.00,85.35,36.97,51.52,0.71,0.01
1.24,100.81,27.71,0.31,0.59,15085.00,8075.00,6598.36,5639.00,2461.29,113050.00,54.00,82.12,27.96,51.34,0.64,0.07
0.50,102.43,29.91,0.41,0.34,13183.00,7078.57,5584.61,5464.00,2596.88,49550.00,30.00,83.32,30.07,51.45,0.75,0.02
0.35,100.83,30.54,0.08,0.53,7098.00,6363.00,6116.41,5940.00,442.43,25452.00,18.00,81.63,30.69,50.61,0.60,0.01
0.62,101.23,30.25,0.37,0.15,7199.00,6023.75,5938.71,4844.00,649.79,48190.00,34.00,81.83,30.48,51.22,0.56,0.02
0.49,102.15,31.68,0.48,0.26,7021.00,6098.67,6029.79,5271.00,641.24,36592.00,24.00,82.25,31.89,51.51,0.75,0.02
0.05,105.27,36.07,0.12,0.93,5348.00,5159.00,5011.00,5011.00,140.60,15477.00,14.00,84.42,36.18,51.44,0.54,0.00
0.46,118.10,55.79,0.35,0.52,8547.00,6698.60,6245.66,5794.00,956.50,33493.00,22.00,92.19,55.90,48.19,0.78,0.02
0.18,117.86,54.61,0.00,1.92,5815.00,5484.67,5064.00,5064.00,313.18,16454.00,14.00,92.46,54.70,48.47,0.77,0.00
0.66,106.92,40.56,0.40,0.45,8962.00,7007.00,6281.55,5461.00,1118.91,49049.00,26.00,86.02,40.77,48.68,0.70,0.03
0.87,107.17,40.46,0.66,0.21,8830.00,7323.80,7146.54,6085.00,900.36,73238.00,38.00,86.01,40.68,49.32,0.62,0.04
2.36,110.32,43.15,0.18,0.83,11670.00,7865.48,7389.66,4864.00,1794.81,243830.00,96.00,88.93,43.54,48.64,0.62,0.17
0.41,110.23,43.74,0.44,0.21,9109.00,7297.00,6240.15,6183.00,1200.50,29188.00,18.00,88.90,43.85,48.21,0.75,0.02
0.69,111.63,44.47,0.08,0.53,8976.00,6412.00,5927.88,5035.00,1182.45,44884.00,30.00,89.80,44.61,49.07,0.66,0.03
0.29,105.14,38.19,0.32,0.46,7416.00,6084.50,5642.13,5179.00,834.86,24338.00,18.00,84.75,38.34,49.02,0.76,0.01
4.14,116.37,48.27,0.33,0.41,15059.00,8302.38,7393.92,5487.00,2129.14,415119.00,162.00,93.39,48.65,49.52,0.49,0.27
0.20,118.24,55.66,0.00,1.92,5758.00,5575.67,5249.00,5249.00,231.51,16727.00,14.00,92.03,55.74,49.04,0.72,0.01
5.11,110.76,42.84,0.42,0.35,18286.00,8965.14,8366.72,6308.00,2046.72,645490.00,198.00,89.02,43.31,49.67,0.53,0.42
2.84,110.36,43.58,0.16,0.61,14173.00,6917.35,6388.75,4861.00,1916.24,235190.00,130.00,88.13,43.83,49.93,0.45,0.14
0.60,108.01,39.39,0.25,0.72,8200.00,6564.17,6332.99,5194.00,1000.19,39385.00,26.00,87.41,39.65,49.53,0.66,0.02
5.36,107.94,40.27,0.24,0.62,20425.00,8614.99,7829.97,5901.00,2491.23,611664.00,210.00,86.67,40.81,49.75,0.48,0.39
0.63,115.64,48.17,0.62,0.25,7857.00,6385.50,5915.57,5456.00,790.18,51084.00,34.00,92.58,48.43,49.57,0.61,0.02
0.32,105.30,38.14,0.16,0.84,8190.00,6623.50,6113.92,5363.00,1041.58,26494.00,18.00,84.49,38.28,49.85,0.74,0.01
0.66,107.80,38.86,0.64,0.18,7889.00,5889.67,5479.96,5047.00,832.30,53007.00,36.00,86.99,39.06,50.27,0.60,0.02
0.17,108.06,38.95,0.39,0.47,6344.00,6146.00,5851.00,5851.00,212.63,18438.00,14.00,86.96,39.11,50.84,0.83,0.00
0.41,108.40,39.59,0.16,0.84,8516.00,6968.75,6965.21,5235.00,1165.69,27875.00,18.00,87.53,39.75,50.09,0.78,0.02
1.55,110.91,42.72,0.19,0.70,13899.00,8633.59,7756.53,6551.00,1814.74,146771.00,58.00,89.00,42.97,50.34,0.63,0.09
0.73,114.68,45.12,0.46,0.38,8966.00,6690.56,6172.22,5079.00,1190.91,60215.00,36.00,92.57,45.39,50.21,0.74,0.04
0.16,115.19,46.01,0.12,0.93,6252.00,6031.00,5805.00,5805.00,182.52,18093.00,14.00,92.61,46.21,50.55,0.60,0.00
3.84,116.32,47.36,0.11,0.53,15218.00,7953.91,7250.03,5818.00,1981.49,421557.00,160.00,93.43,47.77,50.20,0.50,0.25
0.35,106.90,38.84,0.32,0.46,7455.00,6106.50,5643.75,5615.00,779.25,24426.00,18.00,85.53,38.96,50.93,0.70,0.01
0.70,109.85,41.49,0.66,0.18,8205.00,6575.88,6642.50,5005.00,1098.22,52607.00,34.00,87.93,41.76,50.90,0.68,0.03
0.24,111.26,43.76,0.12,0.93,8327.00,6887.67,5986.00,5986.00,1028.56,20663.00,14.00,88.71,43.87,50.85,0.57,0.00
0.22,110.97,43.94,0.39,0.47,7798.00,6527.00,5505.00,5505.00,952.53,19581.00,14.00,88.24,44.08,50.84,0.83,0.01
0.25,113.59,44.71,0.33,0.43,5898.00,5464.80,5182.20,5147.00,299.88,27324.00,22.00,91.20,44.79,50.79,0.48,0.00
0.15,114.09,45.13,0.25,0.44,6382.00,5894.00,5575.00,5575.00,350.46,17682.00,14.00,91.44,45.22,51.07,0.67,0.00
1.86,114.90,45.10,0.41,0.46,11114.00,6793.72,6173.00,5258.00,1450.38,169843.00,78.00,92.54,45.34,50.83,0.64,0.12
0.22,108.32,40.37,0.25,0.50,7290.00,6390.75,6249.97,5751.00,559.42,25563.00,18.00,86.48,40.50,51.15,0.67,0.01
0.36,111.51,42.61,0.18,0.61,6291.00,5508.00,5298.84,5177.00,402.10,33048.00,24.00,89.90,42.71,50.29,0.58,0.01
0.11,115.35,45.98,0.39,0.47,6464.00,5687.00,5258.00,5258.00,550.42,17061.00,14.00,92.55,46.09,51.15,0.80,0.00
0.15,108.87,40.42,0.47,0.32,6965.00,6071.00,5407.25,5357.00,702.28,24284.00,18.00,86.93,40.61,51.45,0.81,0.00
0.20,110.16,41.41,0.39,0.47,7052.00,5801.67,5085.00,5085.00,887.27,17405.00,14.00,88.09,41.58,51.44,0.80,0.01
0.15,120.65,53.19,0.25,0.44,6114.00,5563.00,4959.00,4959.00,473.02,16689.00,14.00,96.68,53.67,48.27,0.63,0.00
0.41,120.64,53.16,0.25,0.00,7252.00,6394.40,5576.34,5442.00,740.22,31972.00,22.00,96.58,53.37,48.74,0.57,0.01
0.11,120.76,53.43,0.25,0.44,5948.00,5636.67,5368.00,5368.00,238.70,16910.00,14.00,96.44,53.73,48.94,0.56,0.00
0.25,120.65,53.74,0.25,0.44,7512.00,6576.67,6088.00,6088.00,661.60,19730.00,14.00,96.08,54.11,48.97,0.70,0.01
0.30,119.94,55.04,0.16,0.36,9438.00,6106.20,5247.48,5164.00,1667.25,30531.00,20.00,94.70,55.13,48.76,0.62,0.01
0.24,119.44,52.28,0.25,0.44,8229.00,6640.33,5621.00,5621.00,1138.28,19921.00,14.00,95.53,52.38,48.94,0.69,0.01
0.78,121.00,53.71,0.37,0.47,11957.00,6786.10,6184.34,5389.00,1859.95,67861.00,36.00,96.06,54.75,49.16,0.70,0.04
2.49,119.07,51.44,0.31,0.56,12804.00,6662.84,6391.95,4950.00,1572.68,213211.00,114.00,95.35,51.73,49.09,0.52,0.14
0.09,119.14,51.88,0.39,0.47,5675.00,5323.33,4970.00,4970.00,287.81,15970.00,14.00,95.64,51.96,48.44,0.74,0.00
0.34,119.43,51.35,0.25,0.44,7671.00,6638.00,5913.00,5913.00,750.02,19914.00,14.00,95.62,51.47,49.71,0.77,0.01
0.17,120.43,52.74,0.25,0.44,7110.00,6326.67,5857.00,5857.00,557.55,18980.00,14.00,96.29,52.83,49.41,0.67,0.00
0.28,121.09,52.94,0.25,0.44,6686.00,5974.33,5377.00,5377.00,540.48,17923.00,14.00,96.88,53.46,49.18,0.66,0.01
0.10,132.44,39.31,0.39,0.47,4730.00,4550.33,4380.00,4380.00,143.04,13651.00,14.00,110.52,53.76,49.34,0.77,0.00
0.55,116.26,48.15,0.08,0.87,8534.00,7375.00,6487.40,6369.00,825.72,36875.00,22.00,93.81,48.33,48.78,0.67,0.02
3.57,116.64,47.72,0.33,0.52,12323.00,7754.71,7236.88,5506.00,1665.30,372226.00,150.00,93.97,48.11,49.59,0.52,0.24
0.56,121.21,53.30,0.21,0.71,8790.00,6991.00,6739.77,5489.00,1094.14,41946.00,26.00,96.40,54.07,49.76,0.66,0.02
0.91,134.42,37.48,0.34,0.42,7707.00,5710.00,5105.18,4126.00,1002.64,57100.00,40.00,112.28,54.74,49.65,0.66,0.04
0.11,134.68,37.37,0.12,0.93,5516.00,4947.33,4641.00,4641.00,402.51,14842.00,14.00,112.52,54.61,49.97,0.58,0.00
0.18,119.54,52.19,0.25,0.44,7463.00,6539.67,5705.00,5705.00,720.44,19619.00,14.00,95.26,52.32,49.80,0.70,0.00
0.31,122.12,52.11,0.32,0.46,7640.00,5829.25,4832.01,4821.00,1152.82,23317.00,18.00,97.68,53.61,49.97,0.70,0.01
2.75,117.01,48.12,0.30,0.57,13430.00,9152.36,9227.44,6352.00,1908.78,329485.00,108.00,93.78,48.52,50.43,0.59,0.19
0.26,120.95,51.32,0.44,0.21,6229.00,5534.25,5609.98,4660.00,561.97,22137.00,18.00,97.17,51.53,50.32,0.74,0.01
0.28,121.69,53.12,0.03,0.98,8428.00,6627.00,5307.00,5307.00,1318.76,19881.00,14.00,96.72,53.96,50.42,0.57,0.01
0.21,121.65,53.75,0.39,0.47,6904.00,6213.67,5721.00,5721.00,502.78,18641.00,14.00,96.09,54.05,51.42,0.77,0.01
1.76,121.39,53.61,0.11,0.84,9155.00,7142.05,7147.01,5290.00,1160.46,149983.00,70.00,96.02,54.31,50.66,0.60,0.10
0.31,128.70,43.74,0.32,0.46,5766.00,5059.50,4830.41,4492.00,468.92,20238.00,18.00,106.07,52.57,50.51,0.73,0.01
1.02,132.63,39.65,0.28,0.41,9784.00,6996.27,7043.84,4844.00,1559.25,76959.00,44.00,110.13,53.87,50.59,0.57,0.04
1.07,133.21,38.91,0.40,0.46,12105.00,7402.42,6223.22,5134.00,2124.11,88829.00,46.00,110.80,53.90,50.62,0.68,0.06
0.40,133.89,38.65,0.72,0.12,8539.00,6697.25,6117.27,5485.00,1139.45,26789.00,18.00,111.20,53.82,51.61,0.69,0.01
4.79,119.60,54.04,0.22,0.61,15552.00,8008.20,7202.46,5226.00,2367.15,640656.00,202.00,93.68,54.58,50.49,0.59,0.45
0.20,120.18,53.80,0.39,0.47,7576.00,5982.00,5080.00,5080.00,1130.38,17946.00,14.00,94.42,53.94,51.17,0.75,0.01
2.99,120.88,54.41,0.27,0.58,12620.00,8163.24,7238.42,5591.00,1963.15,342856.00,112.00,95.18,54.86,50.44,0.65,0.26
0.36,120.65,54.57,0.32,0.46,8550.00,6769.75,5963.88,5684.00,1118.31,27079.00,18.00,95.18,55.02,49.70,0.80,0.01
0.43,123.66,50.01,0.54,0.15,8699.00,6220.80,5513.15,4870.00,1311.82,31104.00,20.00,99.80,52.35,50.92,0.71,0.02
0.49,116.79,47.20,0.33,0.45,9009.00,6458.17,5769.42,5718.00,1163.86,38749.00,26.00,93.69,47.36,51.17,0.66,0.02
0.20,134.11,38.09,0.25,0.44,6308.00,5999.33,5740.00,5740.00,234.49,17998.00,14.00,111.72,53.96,50.92,0.71,0.00
0.29,134.32,37.94,0.39,0.38,7603.00,6244.25,5387.94,5190.00,998.70,24977.00,18.00,111.83,53.83,51.38,0.76,0.01
2.95,124.89,48.51,0.24,0.49,14269.00,8019.76,7345.40,4891.00,2442.48,304751.00,126.00,101.06,51.89,51.89,0.60,0.22
0.67,131.20,40.76,0.24,0.56,7245.00,5929.38,5859.67,4618.00,959.16,47435.00,32.00,108.97,52.06,51.28,0.72,0.03
0.18,131.04,41.11,0.39,0.47,5499.00,5335.00,5104.00,5104.00,168.08,16005.00,14.00,108.70,51.72,51.78,0.82,0.01
0.56,123.59,50.34,0.51,0.22,9526.00,7773.20,6450.49,5864.00,1383.61,38866.00,22.00,99.43,52.46,51.35,0.62,0.02
0.12,123.79,50.15,0.39,0.47,6225.00,5462.33,5070.00,5070.00,539.36,16387.00,14.00,99.72,52.31,51.43,0.77,0.00
1.99,133.01,39.40,0.19,0.69,13677.00,9015.48,8111.00,5581.00,2267.61,225387.00,82.00,110.24,53.69,51.53,0.71,0.16
1.59,133.49,38.78,0.30,0.64,10498.00,7020.88,6695.49,5655.00,1298.06,112334.00,60.00,110.87,53.83,51.30,0.55,0.08
4.83,122.80,50.30,0.29,0.54,23398.00,10640.60,9269.68,5581.00,3941.82,904455.00,214.00,98.95,50.82,52.02,0.63,0.50
5.43,132.70,39.35,0.17,0.69,19360.00,9086.32,7997.78,5704.00,3016.21,799596.00,218.00,110.17,52.79,51.81,0.57,0.52
1.08,129.57,43.08,0.26,0.62,9617.00,6103.00,5774.56,4865.00,1148.49,91545.00,50.00,106.60,51.90,52.26,0.69,0.06
0.26,129.93,43.18,0.25,0.44,7174.00,6121.33,4910.00,4910.00,931.06,18364.00,14.00,106.68,51.79,53.10,0.71,0.01
0.49,121.84,50.34,0.13,0.00,7422.00,6876.80,6462.03,6310.00,421.47,34384.00,22.00,97.98,50.44,51.98,0.64,0.02
6.84,124.61,48.33,0.11,0.84,19704.00,8952.01,8097.32,5067.00,2790.57,984721.00,284.00,101.12,50.78,52.19,0.53,0.65
3.43,123.94,50.26,0.18,0.77,14285.00,7101.84,6305.78,5125.00,1708.19,347990.00,146.00,99.32,52.53,52.33,0.56,0.25
1.16,123.14,51.46,0.36,0.50,9637.00,6620.80,6044.00,5236.00,1223.13,99312.00,52.00,98.18,52.75,52.36,0.71,0.07
4.72,122.64,50.55,0.12,0.76,14494.00,9144.26,8500.20,5825.00,2233.62,694964.00,192.00,98.21,50.92,52.95,0.59,0.43
0.22,123.09,50.41,0.47,0.32,7237.00,6434.00,6124.02,5798.00,539.25,25736.00,18.00,98.48,50.51,53.85,0.80,0.01
1.57,126.84,46.03,0.30,0.48,9693.00,6603.70,6409.75,5125.00,1263.99,132074.00,62.00,103.56,50.86,52.68,0.66,0.10
1.78,128.81,43.91,0.26,0.55,11631.00,6691.09,6421.13,4895.00,1447.41,153895.00,76.00,105.73,51.45,52.58,0.64,0.12
0.39,127.32,46.10,0.08,0.87,6449.00,5663.40,5386.81,5129.00,458.00,28317.00,22.00,103.64,51.55,53.02,0.63,0.01
1.06,133.27,39.13,0.50,0.25,12606.00,7546.15,6520.54,5620.00,2095.26,98100.00,46.00,110.38,52.82,52.78,0.60,0.05
0.31,137.56,32.86,0.72,0.12,6209.00,5711.50,5251.97,5209.00,480.42,22846.00,18.00,116.91,54.24,48.10,0.67,0.01
0.18,137.43,33.24,0.25,0.44,6507.00,5904.00,5593.00,5593.00,426.46,17712.00,14.00,116.56,54.26,48.54,0.67,0.00
1.53,136.26,33.93,0.10,0.52,10675.00,7051.53,6585.63,4859.00,1762.99,105773.00,58.00,115.69,52.85,48.87,0.56,0.07
0.51,136.83,34.23,0.21,0.72,8343.00,6486.33,5954.25,4983.00,1233.65,38918.00,24.00,115.53,54.76,48.75,0.77,0.02
0.30,138.29,31.43,0.39,0.38,8246.00,6590.75,5736.76,5717.00,1027.46,26363.00,18.00,118.29,52.33,48.94,0.69,0.01
0.31,137.71,33.12,0.26,0.70,6011.00,5701.20,5627.91,5040.00,359.69,28506.00,20.00,116.68,54.20,49.10,0.72,0.01
1.84,136.57,33.83,0.21,0.78,11813.00,7228.73,6691.85,5658.00,1497.36,159032.00,68.00,115.87,52.75,49.41,0.63,0.12
0.95,135.40,36.13,0.32,0.51,9303.00,6720.10,6092.84,5194.00,1438.21,67201.00,40.00,113.61,54.71,49.30,0.69,0.05
3.16,135.78,34.77,0.28,0.52,11826.00,7430.05,6908.63,5058.00,1667.34,297202.00,134.00,114.75,52.90,49.69,0.51,0.20
0.16,136.25,35.03,0.25,0.44,6377.00,6284.33,6189.00,6189.00,76.76,18853.00,14.00,114.87,53.13,50.46,0.69,0.00
2.68,137.48,32.87,0.37,0.52,10101.00,6742.49,6325.22,5268.00,1221.70,235987.00,122.00,116.67,53.06,49.75,0.49,0.14
3.16,135.71,35.46,0.51,0.27,12489.00,7233.73,6737.79,5307.00,1552.18,267648.00,128.00,114.01,54.27,49.73,0.45,0.16
1.89,136.51,34.69,0.15,0.59,11233.00,6905.87,6185.80,5541.00,1289.54,158835.00,82.00,114.95,54.26,49.77,0.56,0.10
0.68,135.62,36.12,0.21,0.59,10525.00,7505.67,6687.69,5513.00,1592.88,45034.00,26.00,113.63,54.72,49.86,0.67,0.03
0.63,135.92,35.94,0.40,0.23,11053.00,7116.00,5723.31,5368.00,2002.02,42696.00,26.00,113.86,54.65,50.23,0.63,0.02
1.50,135.77,35.01,0.62,0.22,10641.00,6939.06,6430.79,5484.00,1260.31,124903.00,62.00,114.54,52.60,50.49,0.67,0.09
0.19,135.02,36.74,0.25,0.44,6309.00,5607.67,5107.00,5107.00,510.82,16823.00,14.00,113.12,53.89,50.29,0.72,0.00
0.17,135.34,36.66,0.39,0.47,6009.00,5356.00,4944.00,4944.00,466.99,16068.00,14.00,113.15,53.86,51.12,0.74,0.00
0.27,118.20,56.55,0.72,0.12,6484.00,5923.75,5749.50,5677.00,325.76,23695.00,18.00,91.87,56.63,48.22,0.68,0.01
0.27,133.52,39.27,0.12,0.93,6975.00,6414.67,5830.00,5830.00,467.76,19244.00,14.00,110.49,52.78,53.24,0.72,0.01
3.20,123.35,49.24,0.25,0.73,10118.00,7401.05,7319.83,5245.00,1223.61,318245.00,134.00,99.35,49.66,53.65,0.56,0.23
0.19,123.59,49.16,0.25,0.44,6876.00,5887.00,5358.00,5358.00,699.90,17661.00,14.00,99.40,49.26,54.49,0.73,0.01
6.46,124.26,49.91,0.29,0.38,15259.00,8711.21,8099.15,5762.00,2185.01,827565.00,250.00,99.26,51.27,54.41,0.51,0.57
0.44,124.77,49.95,0.08,0.37,8391.00,6899.00,6649.56,5622.00,963.84,41394.00,26.00,99.79,50.89,54.95,0.60,0.01
1.20,126.40,47.46,0.31,0.29,8299.00,6234.20,5963.42,5217.00,819.63,93513.00,50.00,102.25,50.25,54.76,0.67,0.07
0.20,126.55,47.47,0.25,0.44,5922.00,5715.00,5437.00,5437.00,204.27,17145.00,14.00,102.34,50.03,55.13,0.77,0.01
0.72,125.19,49.31,0.39,0.35,9123.00,6536.56,6083.28,5435.00,1051.29,58829.00,38.00,100.24,51.62,54.42,0.53,0.02
0.27,123.83,49.64,0.39,0.47,8881.00,7089.33,5981.00,5981.00,1278.73,21268.00,14.00,99.29,49.78,54.74,0.81,0.01
0.53,125.52,49.05,0.26,0.46,7252.00,6252.29,6093.13,5206.00,634.85,43766.00,28.00,100.73,50.53,55.26,0.69,0.02
0.66,126.10,48.17,0.59,0.28,8637.00,6096.50,5639.32,5000.00,1140.06,60965.00,32.00,101.59,49.96,55.55,0.77,0.03
0.83,126.51,47.90,0.39,0.20,8333.00,6346.20,6452.43,5058.00,997.05,63462.00,42.00,101.75,49.94,56.20,0.59,0.03
0.24,126.48,48.06,0.39,0.47,7080.00,6043.00,5080.00,5080.00,818.17,18129.00,14.00,101.73,50.17,55.95,0.75,0.01
0.15,124.92,48.65,0.00,1.92,5103.00,4912.33,4544.00,4544.00,260.50,14737.00,14.00,100.11,48.84,56.55,0.59,0.00
